id,cluster,image_path,image_href
0,0,C:\Users\alexa\Desktop\Glomeruli-FP03-2026\data\glomeruli\crops\RECHERCHE-003_0000.png,../../../data/glomeruli/crops/RECHERCHE-003_0000.png
1,0,C:\Users\alexa\Desktop\Glomeruli-FP03-2026\data\glomeruli\crops\RECHERCHE-003_0001.png,../../../data/glomeruli/crops/RECHERCHE-003_0001.png
2,0,C:\Users\alexa\Desktop\Glomeruli-FP03-2026\data\glomeruli\crops\RECHERCHE-003_0002.png,../../../data/glomeruli/crops/RECHERCHE-003_0002.png
3,0,C:\Users\alexa\Desktop\Glomeruli-FP03-2026\data\glomeruli\crops\RECHERCHE-003_0003.png,../../../data/glomeruli/crops/RECHERCHE-003_0003.png
7,0,C:\Users\alexa\Desktop\Glomeruli-FP03-2026\data\glomeruli\crops\RECHERCHE-003_0007.png,../../../data/glomeruli/crops/RECHERCHE-003_0007.png
8,0,C:\Users\alexa\Desktop\Glomeruli-FP03-2026\data\glomeruli\crops\RECHERCHE-003_0008.png,../../../data/glomeruli/crops/RECHERCHE-003_0008.png
9,0,C:\Users\alexa\Desktop\Glomeruli-FP03-2026\data\glomeruli\crops\RECHERCHE-003_0009.png,../../../data/glomeruli/crops/RECHERCHE-003_0009.png
10,0,C:\Users\alexa\Desktop\Glomeruli-FP03-2026\data\glomeruli\crops\RECHERCHE-003_0010.png,../../../data/glomeruli/crops/RECHERCHE-003_0010.png
12,0,C:\Users\alexa\Desktop\Glomeruli-FP03-2026\data\glomeruli\crops\RECHERCHE-003_0012.png,../../../data/glomeruli/crops/RECHERCHE-003_0012.png
14,0,C:\Users\alexa\Desktop\Glomeruli-FP03-2026\data\glomeruli\crops\RECHERCHE-003_0014.png,../../../data/glomeruli/crops/RECHERCHE-003_0014.png
15,0,C:\Users\alexa\Desktop\Glomeruli-FP03-2026\data\glomeruli\crops\RECHERCHE-003_0015.png,../../../data/glomeruli/crops/RECHERCHE-003_0015.png
16,0,C:\Users\alexa\Desktop\Glomeruli-FP03-2026\data\glomeruli\crops\RECHERCHE-003_0016.png,../../../data/glomeruli/crops/RECHERCHE-003_0016.png
17,0,C:\Users\alexa\Desktop\Glomeruli-FP03-2026\data\glomeruli\crops\RECHERCHE-003_0017.png,../../../data/glomeruli/crops/RECHERCHE-003_0017.png
18,0,C:\Users\alexa\Desktop\Glomeruli-FP03-2026\data\glomeruli\crops\RECHERCHE-003_0018.png,../../../data/glomeruli/crops/RECHERCHE-003_0018.png
19,0,C:\Users\alexa\Desktop\Glomeruli-FP03-2026\data\glomeruli\crops\RECHERCHE-003_0019.png,../../../data/glomeruli/crops/RECHERCHE-003_0019.png
21,0,C:\Users\alexa\Desktop\Glomeruli-FP03-2026\data\glomeruli\crops\RECHERCHE-003_0021.png,../../../data/glomeruli/crops/RECHERCHE-003_0021.png
22,0,C:\Users\alexa\Desktop\Glomeruli-FP03-2026\data\glomeruli\crops\RECHERCHE-003_0022.png,../../../data/glomeruli/crops/RECHERCHE-003_0022.png
24,0,C:\Users\alexa\Desktop\Glomeruli-FP03-2026\data\glomeruli\crops\RECHERCHE-003_0024.png,../../../data/glomeruli/crops/RECHERCHE-003_0024.png
25,0,C:\Users\alexa\Desktop\Glomeruli-FP03-2026\data\glomeruli\crops\RECHERCHE-003_0025.png,../../../data/glomeruli/crops/RECHERCHE-003_0025.png
26,0,C:\Users\alexa\Desktop\Glomeruli-FP03-2026\data\glomeruli\crops\RECHERCHE-003_0026.png,../../../data/glomeruli/crops/RECHERCHE-003_0026.png
27,0,C:\Users\alexa\Desktop\Glomeruli-FP03-2026\data\glomeruli\crops\RECHERCHE-003_0027.png,../../../data/glomeruli/crops/RECHERCHE-003_0027.png
28,0,C:\Users\alexa\Desktop\Glomeruli-FP03-2026\data\glomeruli\crops\RECHERCHE-003_0028.png,../../../data/glomeruli/crops/RECHERCHE-003_0028.png
31,0,C:\Users\alexa\Desktop\Glomeruli-FP03-2026\data\glomeruli\crops\RECHERCHE-003_0031.png,../../../data/glomeruli/crops/RECHERCHE-003_0031.png
33,0,C:\Users\alexa\Desktop\Glomeruli-FP03-2026\data\glomeruli\crops\RECHERCHE-003_0033.png,../../../data/glomeruli/crops/RECHERCHE-003_0033.png
34,0,C:\Users\alexa\Desktop\Glomeruli-FP03-2026\data\glomeruli\crops\RECHERCHE-003_0034.png,../../../data/glomeruli/crops/RECHERCHE-003_0034.png
36,0,C:\Users\alexa\Desktop\Glomeruli-FP03-2026\data\glomeruli\crops\RECHERCHE-003_0036.png,../../../data/glomeruli/crops/RECHERCHE-003_0036.png
37,0,C:\Users\alexa\Desktop\Glomeruli-FP03-2026\data\glomeruli\crops\RECHERCHE-003_0037.png,../../../data/glomeruli/crops/RECHERCHE-003_0037.png
38,0,C:\Users\alexa\Desktop\Glomeruli-FP03-2026\data\glomeruli\crops\RECHERCHE-003_0038.png,../../../data/glomeruli/crops/RECHERCHE-003_0038.png
39,0,C:\Users\alexa\Desktop\Glomeruli-FP03-2026\data\glomeruli\crops\RECHERCHE-003_0039.png,../../../data/glomeruli/crops/RECHERCHE-003_0039.png
40,0,C:\Users\alexa\Desktop\Glomeruli-FP03-2026\data\glomeruli\crops\RECHERCHE-003_0040.png,../../../data/glomeruli/crops/RECHERCHE-003_0040.png
43,0,C:\Users\alexa\Desktop\Glomeruli-FP03-2026\data\glomeruli\crops\RECHERCHE-003_0043.png,../../../data/glomeruli/crops/RECHERCHE-003_0043.png
44,0,C:\Users\alexa\Desktop\Glomeruli-FP03-2026\data\glomeruli\crops\RECHERCHE-003_0044.png,../../../data/glomeruli/crops/RECHERCHE-003_0044.png
45,0,C:\Users\alexa\Desktop\Glomeruli-FP03-2026\data\glomeruli\crops\RECHERCHE-003_0045.png,../../../data/glomeruli/crops/RECHERCHE-003_0045.png
46,0,C:\Users\alexa\Desktop\Glomeruli-FP03-2026\data\glomeruli\crops\RECHERCHE-003_0046.png,../../../data/glomeruli/crops/RECHERCHE-003_0046.png
48,0,C:\Users\alexa\Desktop\Glomeruli-FP03-2026\data\glomeruli\crops\RECHERCHE-003_0048.png,../../../data/glomeruli/crops/RECHERCHE-003_0048.png
49,0,C:\Users\alexa\Desktop\Glomeruli-FP03-2026\data\glomeruli\crops\RECHERCHE-003_0049.png,../../../data/glomeruli/crops/RECHERCHE-003_0049.png
52,0,C:\Users\alexa\Desktop\Glomeruli-FP03-2026\data\glomeruli\crops\RECHERCHE-003_0052.png,../../../data/glomeruli/crops/RECHERCHE-003_0052.png
55,0,C:\Users\alexa\Desktop\Glomeruli-FP03-2026\data\glomeruli\crops\RECHERCHE-003_0055.png,../../../data/glomeruli/crops/RECHERCHE-003_0055.png
60,0,C:\Users\alexa\Desktop\Glomeruli-FP03-2026\data\glomeruli\crops\RECHERCHE-003_0060.png,../../../data/glomeruli/crops/RECHERCHE-003_0060.png
63,0,C:\Users\alexa\Desktop\Glomeruli-FP03-2026\data\glomeruli\crops\RECHERCHE-004_0002.png,../../../data/glomeruli/crops/RECHERCHE-004_0002.png
65,0,C:\Users\alexa\Desktop\Glomeruli-FP03-2026\data\glomeruli\crops\RECHERCHE-004_0004.png,../../../data/glomeruli/crops/RECHERCHE-004_0004.png
67,0,C:\Users\alexa\Desktop\Glomeruli-FP03-2026\data\glomeruli\crops\RECHERCHE-004_0006.png,../../../data/glomeruli/crops/RECHERCHE-004_0006.png
68,0,C:\Users\alexa\Desktop\Glomeruli-FP03-2026\data\glomeruli\crops\RECHERCHE-004_0007.png,../../../data/glomeruli/crops/RECHERCHE-004_0007.png
69,0,C:\Users\alexa\Desktop\Glomeruli-FP03-2026\data\glomeruli\crops\RECHERCHE-004_0008.png,../../../data/glomeruli/crops/RECHERCHE-004_0008.png
71,0,C:\Users\alexa\Desktop\Glomeruli-FP03-2026\data\glomeruli\crops\RECHERCHE-004_0010.png,../../../data/glomeruli/crops/RECHERCHE-004_0010.png
72,0,C:\Users\alexa\Desktop\Glomeruli-FP03-2026\data\glomeruli\crops\RECHERCHE-004_0011.png,../../../data/glomeruli/crops/RECHERCHE-004_0011.png
73,0,C:\Users\alexa\Desktop\Glomeruli-FP03-2026\data\glomeruli\crops\RECHERCHE-004_0012.png,../../../data/glomeruli/crops/RECHERCHE-004_0012.png
74,0,C:\Users\alexa\Desktop\Glomeruli-FP03-2026\data\glomeruli\crops\RECHERCHE-004_0013.png,../../../data/glomeruli/crops/RECHERCHE-004_0013.png
75,0,C:\Users\alexa\Desktop\Glomeruli-FP03-2026\data\glomeruli\crops\RECHERCHE-004_0014.png,../../../data/glomeruli/crops/RECHERCHE-004_0014.png
76,0,C:\Users\alexa\Desktop\Glomeruli-FP03-2026\data\glomeruli\crops\RECHERCHE-004_0015.png,../../../data/glomeruli/crops/RECHERCHE-004_0015.png
81,0,C:\Users\alexa\Desktop\Glomeruli-FP03-2026\data\glomeruli\crops\RECHERCHE-004_0020.png,../../../data/glomeruli/crops/RECHERCHE-004_0020.png
82,0,C:\Users\alexa\Desktop\Glomeruli-FP03-2026\data\glomeruli\crops\RECHERCHE-004_0021.png,../../../data/glomeruli/crops/RECHERCHE-004_0021.png
84,0,C:\Users\alexa\Desktop\Glomeruli-FP03-2026\data\glomeruli\crops\RECHERCHE-004_0023.png,../../../data/glomeruli/crops/RECHERCHE-004_0023.png
86,0,C:\Users\alexa\Desktop\Glomeruli-FP03-2026\data\glomeruli\crops\RECHERCHE-004_0025.png,../../../data/glomeruli/crops/RECHERCHE-004_0025.png
88,0,C:\Users\alexa\Desktop\Glomeruli-FP03-2026\data\glomeruli\crops\RECHERCHE-004_0027.png,../../../data/glomeruli/crops/RECHERCHE-004_0027.png
89,0,C:\Users\alexa\Desktop\Glomeruli-FP03-2026\data\glomeruli\crops\RECHERCHE-004_0028.png,../../../data/glomeruli/crops/RECHERCHE-004_0028.png
91,0,C:\Users\alexa\Desktop\Glomeruli-FP03-2026\data\glomeruli\crops\RECHERCHE-004_0030.png,../../../data/glomeruli/crops/RECHERCHE-004_0030.png
92,0,C:\Users\alexa\Desktop\Glomeruli-FP03-2026\data\glomeruli\crops\RECHERCHE-004_0031.png,../../../data/glomeruli/crops/RECHERCHE-004_0031.png
93,0,C:\Users\alexa\Desktop\Glomeruli-FP03-2026\data\glomeruli\crops\RECHERCHE-004_0032.png,../../../data/glomeruli/crops/RECHERCHE-004_0032.png
94,0,C:\Users\alexa\Desktop\Glomeruli-FP03-2026\data\glomeruli\crops\RECHERCHE-004_0033.png,../../../data/glomeruli/crops/RECHERCHE-004_0033.png
95,0,C:\Users\alexa\Desktop\Glomeruli-FP03-2026\data\glomeruli\crops\RECHERCHE-004_0034.png,../../../data/glomeruli/crops/RECHERCHE-004_0034.png
97,0,C:\Users\alexa\Desktop\Glomeruli-FP03-2026\data\glomeruli\crops\RECHERCHE-004_0036.png,../../../data/glomeruli/crops/RECHERCHE-004_0036.png
99,0,C:\Users\alexa\Desktop\Glomeruli-FP03-2026\data\glomeruli\crops\RECHERCHE-004_0038.png,../../../data/glomeruli/crops/RECHERCHE-004_0038.png
101,0,C:\Users\alexa\Desktop\Glomeruli-FP03-2026\data\glomeruli\crops\RECHERCHE-004_0040.png,../../../data/glomeruli/crops/RECHERCHE-004_0040.png
103,0,C:\Users\alexa\Desktop\Glomeruli-FP03-2026\data\glomeruli\crops\RECHERCHE-004_0042.png,../../../data/glomeruli/crops/RECHERCHE-004_0042.png
106,0,C:\Users\alexa\Desktop\Glomeruli-FP03-2026\data\glomeruli\crops\RECHERCHE-004_0045.png,../../../data/glomeruli/crops/RECHERCHE-004_0045.png
107,0,C:\Users\alexa\Desktop\Glomeruli-FP03-2026\data\glomeruli\crops\RECHERCHE-004_0046.png,../../../data/glomeruli/crops/RECHERCHE-004_0046.png
108,0,C:\Users\alexa\Desktop\Glomeruli-FP03-2026\data\glomeruli\crops\RECHERCHE-004_0047.png,../../../data/glomeruli/crops/RECHERCHE-004_0047.png
109,0,C:\Users\alexa\Desktop\Glomeruli-FP03-2026\data\glomeruli\crops\RECHERCHE-004_0048.png,../../../data/glomeruli/crops/RECHERCHE-004_0048.png
110,0,C:\Users\alexa\Desktop\Glomeruli-FP03-2026\data\glomeruli\crops\RECHERCHE-004_0049.png,../../../data/glomeruli/crops/RECHERCHE-004_0049.png
111,0,C:\Users\alexa\Desktop\Glomeruli-FP03-2026\data\glomeruli\crops\RECHERCHE-004_0050.png,../../../data/glomeruli/crops/RECHERCHE-004_0050.png
114,0,C:\Users\alexa\Desktop\Glomeruli-FP03-2026\data\glomeruli\crops\RECHERCHE-004_0053.png,../../../data/glomeruli/crops/RECHERCHE-004_0053.png
116,0,C:\Users\alexa\Desktop\Glomeruli-FP03-2026\data\glomeruli\crops\RECHERCHE-004_0055.png,../../../data/glomeruli/crops/RECHERCHE-004_0055.png
117,0,C:\Users\alexa\Desktop\Glomeruli-FP03-2026\data\glomeruli\crops\RECHERCHE-004_0056.png,../../../data/glomeruli/crops/RECHERCHE-004_0056.png
119,0,C:\Users\alexa\Desktop\Glomeruli-FP03-2026\data\glomeruli\crops\RECHERCHE-004_0058.png,../../../data/glomeruli/crops/RECHERCHE-004_0058.png
121,0,C:\Users\alexa\Desktop\Glomeruli-FP03-2026\data\glomeruli\crops\RECHERCHE-004_0060.png,../../../data/glomeruli/crops/RECHERCHE-004_0060.png
123,0,C:\Users\alexa\Desktop\Glomeruli-FP03-2026\data\glomeruli\crops\RECHERCHE-004_0062.png,../../../data/glomeruli/crops/RECHERCHE-004_0062.png
124,0,C:\Users\alexa\Desktop\Glomeruli-FP03-2026\data\glomeruli\crops\RECHERCHE-004_0063.png,../../../data/glomeruli/crops/RECHERCHE-004_0063.png
125,0,C:\Users\alexa\Desktop\Glomeruli-FP03-2026\data\glomeruli\crops\RECHERCHE-004_0064.png,../../../data/glomeruli/crops/RECHERCHE-004_0064.png
126,0,C:\Users\alexa\Desktop\Glomeruli-FP03-2026\data\glomeruli\crops\RECHERCHE-004_0065.png,../../../data/glomeruli/crops/RECHERCHE-004_0065.png
127,0,C:\Users\alexa\Desktop\Glomeruli-FP03-2026\data\glomeruli\crops\RECHERCHE-004_0066.png,../../../data/glomeruli/crops/RECHERCHE-004_0066.png
128,0,C:\Users\alexa\Desktop\Glomeruli-FP03-2026\data\glomeruli\crops\RECHERCHE-004_0067.png,../../../data/glomeruli/crops/RECHERCHE-004_0067.png
129,0,C:\Users\alexa\Desktop\Glomeruli-FP03-2026\data\glomeruli\crops\RECHERCHE-004_0068.png,../../../data/glomeruli/crops/RECHERCHE-004_0068.png
130,0,C:\Users\alexa\Desktop\Glomeruli-FP03-2026\data\glomeruli\crops\RECHERCHE-004_0069.png,../../../data/glomeruli/crops/RECHERCHE-004_0069.png
143,0,C:\Users\alexa\Desktop\Glomeruli-FP03-2026\data\glomeruli\crops\RECHERCHE-005_0001.png,../../../data/glomeruli/crops/RECHERCHE-005_0001.png
144,0,C:\Users\alexa\Desktop\Glomeruli-FP03-2026\data\glomeruli\crops\RECHERCHE-005_0002.png,../../../data/glomeruli/crops/RECHERCHE-005_0002.png
145,0,C:\Users\alexa\Desktop\Glomeruli-FP03-2026\data\glomeruli\crops\RECHERCHE-005_0003.png,../../../data/glomeruli/crops/RECHERCHE-005_0003.png
147,0,C:\Users\alexa\Desktop\Glomeruli-FP03-2026\data\glomeruli\crops\RECHERCHE-005_0005.png,../../../data/glomeruli/crops/RECHERCHE-005_0005.png
148,0,C:\Users\alexa\Desktop\Glomeruli-FP03-2026\data\glomeruli\crops\RECHERCHE-005_0006.png,../../../data/glomeruli/crops/RECHERCHE-005_0006.png
150,0,C:\Users\alexa\Desktop\Glomeruli-FP03-2026\data\glomeruli\crops\RECHERCHE-005_0008.png,../../../data/glomeruli/crops/RECHERCHE-005_0008.png
153,0,C:\Users\alexa\Desktop\Glomeruli-FP03-2026\data\glomeruli\crops\RECHERCHE-005_0011.png,../../../data/glomeruli/crops/RECHERCHE-005_0011.png
154,0,C:\Users\alexa\Desktop\Glomeruli-FP03-2026\data\glomeruli\crops\RECHERCHE-005_0012.png,../../../data/glomeruli/crops/RECHERCHE-005_0012.png
155,0,C:\Users\alexa\Desktop\Glomeruli-FP03-2026\data\glomeruli\crops\RECHERCHE-005_0013.png,../../../data/glomeruli/crops/RECHERCHE-005_0013.png
156,0,C:\Users\alexa\Desktop\Glomeruli-FP03-2026\data\glomeruli\crops\RECHERCHE-005_0014.png,../../../data/glomeruli/crops/RECHERCHE-005_0014.png
157,0,C:\Users\alexa\Desktop\Glomeruli-FP03-2026\data\glomeruli\crops\RECHERCHE-005_0015.png,../../../data/glomeruli/crops/RECHERCHE-005_0015.png
158,0,C:\Users\alexa\Desktop\Glomeruli-FP03-2026\data\glomeruli\crops\RECHERCHE-005_0016.png,../../../data/glomeruli/crops/RECHERCHE-005_0016.png
160,0,C:\Users\alexa\Desktop\Glomeruli-FP03-2026\data\glomeruli\crops\RECHERCHE-005_0018.png,../../../data/glomeruli/crops/RECHERCHE-005_0018.png
161,0,C:\Users\alexa\Desktop\Glomeruli-FP03-2026\data\glomeruli\crops\RECHERCHE-005_0019.png,../../../data/glomeruli/crops/RECHERCHE-005_0019.png
162,0,C:\Users\alexa\Desktop\Glomeruli-FP03-2026\data\glomeruli\crops\RECHERCHE-005_0020.png,../../../data/glomeruli/crops/RECHERCHE-005_0020.png
164,0,C:\Users\alexa\Desktop\Glomeruli-FP03-2026\data\glomeruli\crops\RECHERCHE-005_0022.png,../../../data/glomeruli/crops/RECHERCHE-005_0022.png
165,0,C:\Users\alexa\Desktop\Glomeruli-FP03-2026\data\glomeruli\crops\RECHERCHE-005_0023.png,../../../data/glomeruli/crops/RECHERCHE-005_0023.png
166,0,C:\Users\alexa\Desktop\Glomeruli-FP03-2026\data\glomeruli\crops\RECHERCHE-005_0024.png,../../../data/glomeruli/crops/RECHERCHE-005_0024.png
167,0,C:\Users\alexa\Desktop\Glomeruli-FP03-2026\data\glomeruli\crops\RECHERCHE-005_0025.png,../../../data/glomeruli/crops/RECHERCHE-005_0025.png
168,0,C:\Users\alexa\Desktop\Glomeruli-FP03-2026\data\glomeruli\crops\RECHERCHE-005_0026.png,../../../data/glomeruli/crops/RECHERCHE-005_0026.png
170,0,C:\Users\alexa\Desktop\Glomeruli-FP03-2026\data\glomeruli\crops\RECHERCHE-005_0028.png,../../../data/glomeruli/crops/RECHERCHE-005_0028.png
172,0,C:\Users\alexa\Desktop\Glomeruli-FP03-2026\data\glomeruli\crops\RECHERCHE-005_0030.png,../../../data/glomeruli/crops/RECHERCHE-005_0030.png
173,0,C:\Users\alexa\Desktop\Glomeruli-FP03-2026\data\glomeruli\crops\RECHERCHE-005_0031.png,../../../data/glomeruli/crops/RECHERCHE-005_0031.png
174,0,C:\Users\alexa\Desktop\Glomeruli-FP03-2026\data\glomeruli\crops\RECHERCHE-005_0032.png,../../../data/glomeruli/crops/RECHERCHE-005_0032.png
175,0,C:\Users\alexa\Desktop\Glomeruli-FP03-2026\data\glomeruli\crops\RECHERCHE-005_0033.png,../../../data/glomeruli/crops/RECHERCHE-005_0033.png
176,0,C:\Users\alexa\Desktop\Glomeruli-FP03-2026\data\glomeruli\crops\RECHERCHE-005_0034.png,../../../data/glomeruli/crops/RECHERCHE-005_0034.png
177,0,C:\Users\alexa\Desktop\Glomeruli-FP03-2026\data\glomeruli\crops\RECHERCHE-005_0035.png,../../../data/glomeruli/crops/RECHERCHE-005_0035.png
178,0,C:\Users\alexa\Desktop\Glomeruli-FP03-2026\data\glomeruli\crops\RECHERCHE-005_0036.png,../../../data/glomeruli/crops/RECHERCHE-005_0036.png
180,0,C:\Users\alexa\Desktop\Glomeruli-FP03-2026\data\glomeruli\crops\RECHERCHE-005_0038.png,../../../data/glomeruli/crops/RECHERCHE-005_0038.png
181,0,C:\Users\alexa\Desktop\Glomeruli-FP03-2026\data\glomeruli\crops\RECHERCHE-005_0039.png,../../../data/glomeruli/crops/RECHERCHE-005_0039.png
182,0,C:\Users\alexa\Desktop\Glomeruli-FP03-2026\data\glomeruli\crops\RECHERCHE-005_0040.png,../../../data/glomeruli/crops/RECHERCHE-005_0040.png
184,0,C:\Users\alexa\Desktop\Glomeruli-FP03-2026\data\glomeruli\crops\RECHERCHE-005_0042.png,../../../data/glomeruli/crops/RECHERCHE-005_0042.png
185,0,C:\Users\alexa\Desktop\Glomeruli-FP03-2026\data\glomeruli\crops\RECHERCHE-005_0043.png,../../../data/glomeruli/crops/RECHERCHE-005_0043.png
186,0,C:\Users\alexa\Desktop\Glomeruli-FP03-2026\data\glomeruli\crops\RECHERCHE-005_0044.png,../../../data/glomeruli/crops/RECHERCHE-005_0044.png
187,0,C:\Users\alexa\Desktop\Glomeruli-FP03-2026\data\glomeruli\crops\RECHERCHE-005_0045.png,../../../data/glomeruli/crops/RECHERCHE-005_0045.png
188,0,C:\Users\alexa\Desktop\Glomeruli-FP03-2026\data\glomeruli\crops\RECHERCHE-005_0046.png,../../../data/glomeruli/crops/RECHERCHE-005_0046.png
190,0,C:\Users\alexa\Desktop\Glomeruli-FP03-2026\data\glomeruli\crops\RECHERCHE-005_0048.png,../../../data/glomeruli/crops/RECHERCHE-005_0048.png
192,0,C:\Users\alexa\Desktop\Glomeruli-FP03-2026\data\glomeruli\crops\RECHERCHE-005_0050.png,../../../data/glomeruli/crops/RECHERCHE-005_0050.png
193,0,C:\Users\alexa\Desktop\Glomeruli-FP03-2026\data\glomeruli\crops\RECHERCHE-005_0051.png,../../../data/glomeruli/crops/RECHERCHE-005_0051.png
194,0,C:\Users\alexa\Desktop\Glomeruli-FP03-2026\data\glomeruli\crops\RECHERCHE-005_0052.png,../../../data/glomeruli/crops/RECHERCHE-005_0052.png
195,0,C:\Users\alexa\Desktop\Glomeruli-FP03-2026\data\glomeruli\crops\RECHERCHE-005_0053.png,../../../data/glomeruli/crops/RECHERCHE-005_0053.png
196,0,C:\Users\alexa\Desktop\Glomeruli-FP03-2026\data\glomeruli\crops\RECHERCHE-005_0054.png,../../../data/glomeruli/crops/RECHERCHE-005_0054.png
197,0,C:\Users\alexa\Desktop\Glomeruli-FP03-2026\data\glomeruli\crops\RECHERCHE-005_0055.png,../../../data/glomeruli/crops/RECHERCHE-005_0055.png
199,0,C:\Users\alexa\Desktop\Glomeruli-FP03-2026\data\glomeruli\crops\RECHERCHE-005_0057.png,../../../data/glomeruli/crops/RECHERCHE-005_0057.png
200,0,C:\Users\alexa\Desktop\Glomeruli-FP03-2026\data\glomeruli\crops\RECHERCHE-005_0058.png,../../../data/glomeruli/crops/RECHERCHE-005_0058.png
201,0,C:\Users\alexa\Desktop\Glomeruli-FP03-2026\data\glomeruli\crops\RECHERCHE-005_0059.png,../../../data/glomeruli/crops/RECHERCHE-005_0059.png
202,0,C:\Users\alexa\Desktop\Glomeruli-FP03-2026\data\glomeruli\crops\RECHERCHE-005_0060.png,../../../data/glomeruli/crops/RECHERCHE-005_0060.png
203,0,C:\Users\alexa\Desktop\Glomeruli-FP03-2026\data\glomeruli\crops\RECHERCHE-005_0061.png,../../../data/glomeruli/crops/RECHERCHE-005_0061.png
204,0,C:\Users\alexa\Desktop\Glomeruli-FP03-2026\data\glomeruli\crops\RECHERCHE-005_0062.png,../../../data/glomeruli/crops/RECHERCHE-005_0062.png
205,0,C:\Users\alexa\Desktop\Glomeruli-FP03-2026\data\glomeruli\crops\RECHERCHE-005_0063.png,../../../data/glomeruli/crops/RECHERCHE-005_0063.png
207,0,C:\Users\alexa\Desktop\Glomeruli-FP03-2026\data\glomeruli\crops\RECHERCHE-005_0065.png,../../../data/glomeruli/crops/RECHERCHE-005_0065.png
208,0,C:\Users\alexa\Desktop\Glomeruli-FP03-2026\data\glomeruli\crops\RECHERCHE-005_0066.png,../../../data/glomeruli/crops/RECHERCHE-005_0066.png
209,0,C:\Users\alexa\Desktop\Glomeruli-FP03-2026\data\glomeruli\crops\RECHERCHE-005_0067.png,../../../data/glomeruli/crops/RECHERCHE-005_0067.png
210,0,C:\Users\alexa\Desktop\Glomeruli-FP03-2026\data\glomeruli\crops\RECHERCHE-005_0068.png,../../../data/glomeruli/crops/RECHERCHE-005_0068.png
211,0,C:\Users\alexa\Desktop\Glomeruli-FP03-2026\data\glomeruli\crops\RECHERCHE-005_0069.png,../../../data/glomeruli/crops/RECHERCHE-005_0069.png
212,0,C:\Users\alexa\Desktop\Glomeruli-FP03-2026\data\glomeruli\crops\RECHERCHE-005_0070.png,../../../data/glomeruli/crops/RECHERCHE-005_0070.png
213,0,C:\Users\alexa\Desktop\Glomeruli-FP03-2026\data\glomeruli\crops\RECHERCHE-005_0071.png,../../../data/glomeruli/crops/RECHERCHE-005_0071.png
216,0,C:\Users\alexa\Desktop\Glomeruli-FP03-2026\data\glomeruli\crops\RECHERCHE-005_0074.png,../../../data/glomeruli/crops/RECHERCHE-005_0074.png
217,0,C:\Users\alexa\Desktop\Glomeruli-FP03-2026\data\glomeruli\crops\RECHERCHE-005_0075.png,../../../data/glomeruli/crops/RECHERCHE-005_0075.png
218,0,C:\Users\alexa\Desktop\Glomeruli-FP03-2026\data\glomeruli\crops\RECHERCHE-005_0076.png,../../../data/glomeruli/crops/RECHERCHE-005_0076.png
219,0,C:\Users\alexa\Desktop\Glomeruli-FP03-2026\data\glomeruli\crops\RECHERCHE-005_0077.png,../../../data/glomeruli/crops/RECHERCHE-005_0077.png
220,0,C:\Users\alexa\Desktop\Glomeruli-FP03-2026\data\glomeruli\crops\RECHERCHE-005_0078.png,../../../data/glomeruli/crops/RECHERCHE-005_0078.png
226,0,C:\Users\alexa\Desktop\Glomeruli-FP03-2026\data\glomeruli\crops\RECHERCHE-009_0005.png,../../../data/glomeruli/crops/RECHERCHE-009_0005.png
229,0,C:\Users\alexa\Desktop\Glomeruli-FP03-2026\data\glomeruli\crops\RECHERCHE-009_0008.png,../../../data/glomeruli/crops/RECHERCHE-009_0008.png
231,0,C:\Users\alexa\Desktop\Glomeruli-FP03-2026\data\glomeruli\crops\RECHERCHE-009_0010.png,../../../data/glomeruli/crops/RECHERCHE-009_0010.png
233,0,C:\Users\alexa\Desktop\Glomeruli-FP03-2026\data\glomeruli\crops\RECHERCHE-009_0012.png,../../../data/glomeruli/crops/RECHERCHE-009_0012.png
234,0,C:\Users\alexa\Desktop\Glomeruli-FP03-2026\data\glomeruli\crops\RECHERCHE-009_0013.png,../../../data/glomeruli/crops/RECHERCHE-009_0013.png
237,0,C:\Users\alexa\Desktop\Glomeruli-FP03-2026\data\glomeruli\crops\RECHERCHE-009_0016.png,../../../data/glomeruli/crops/RECHERCHE-009_0016.png
238,0,C:\Users\alexa\Desktop\Glomeruli-FP03-2026\data\glomeruli\crops\RECHERCHE-009_0017.png,../../../data/glomeruli/crops/RECHERCHE-009_0017.png
239,0,C:\Users\alexa\Desktop\Glomeruli-FP03-2026\data\glomeruli\crops\RECHERCHE-009_0018.png,../../../data/glomeruli/crops/RECHERCHE-009_0018.png
240,0,C:\Users\alexa\Desktop\Glomeruli-FP03-2026\data\glomeruli\crops\RECHERCHE-009_0019.png,../../../data/glomeruli/crops/RECHERCHE-009_0019.png
242,0,C:\Users\alexa\Desktop\Glomeruli-FP03-2026\data\glomeruli\crops\RECHERCHE-009_0021.png,../../../data/glomeruli/crops/RECHERCHE-009_0021.png
243,0,C:\Users\alexa\Desktop\Glomeruli-FP03-2026\data\glomeruli\crops\RECHERCHE-009_0022.png,../../../data/glomeruli/crops/RECHERCHE-009_0022.png
245,0,C:\Users\alexa\Desktop\Glomeruli-FP03-2026\data\glomeruli\crops\RECHERCHE-009_0024.png,../../../data/glomeruli/crops/RECHERCHE-009_0024.png
248,0,C:\Users\alexa\Desktop\Glomeruli-FP03-2026\data\glomeruli\crops\RECHERCHE-009_0027.png,../../../data/glomeruli/crops/RECHERCHE-009_0027.png
251,0,C:\Users\alexa\Desktop\Glomeruli-FP03-2026\data\glomeruli\crops\RECHERCHE-009_0030.png,../../../data/glomeruli/crops/RECHERCHE-009_0030.png
258,0,C:\Users\alexa\Desktop\Glomeruli-FP03-2026\data\glomeruli\crops\RECHERCHE-009_0037.png,../../../data/glomeruli/crops/RECHERCHE-009_0037.png
270,0,C:\Users\alexa\Desktop\Glomeruli-FP03-2026\data\glomeruli\crops\RECHERCHE-009_0049.png,../../../data/glomeruli/crops/RECHERCHE-009_0049.png
271,0,C:\Users\alexa\Desktop\Glomeruli-FP03-2026\data\glomeruli\crops\RECHERCHE-009_0050.png,../../../data/glomeruli/crops/RECHERCHE-009_0050.png
275,0,C:\Users\alexa\Desktop\Glomeruli-FP03-2026\data\glomeruli\crops\RECHERCHE-009_0054.png,../../../data/glomeruli/crops/RECHERCHE-009_0054.png
277,0,C:\Users\alexa\Desktop\Glomeruli-FP03-2026\data\glomeruli\crops\RECHERCHE-009_0056.png,../../../data/glomeruli/crops/RECHERCHE-009_0056.png
280,0,C:\Users\alexa\Desktop\Glomeruli-FP03-2026\data\glomeruli\crops\RECHERCHE-009_0059.png,../../../data/glomeruli/crops/RECHERCHE-009_0059.png
281,0,C:\Users\alexa\Desktop\Glomeruli-FP03-2026\data\glomeruli\crops\RECHERCHE-009_0060.png,../../../data/glomeruli/crops/RECHERCHE-009_0060.png
284,0,C:\Users\alexa\Desktop\Glomeruli-FP03-2026\data\glomeruli\crops\RECHERCHE-009_0063.png,../../../data/glomeruli/crops/RECHERCHE-009_0063.png
285,0,C:\Users\alexa\Desktop\Glomeruli-FP03-2026\data\glomeruli\crops\RECHERCHE-009_0064.png,../../../data/glomeruli/crops/RECHERCHE-009_0064.png
288,0,C:\Users\alexa\Desktop\Glomeruli-FP03-2026\data\glomeruli\crops\RECHERCHE-009_0067.png,../../../data/glomeruli/crops/RECHERCHE-009_0067.png
290,0,C:\Users\alexa\Desktop\Glomeruli-FP03-2026\data\glomeruli\crops\RECHERCHE-009_0069.png,../../../data/glomeruli/crops/RECHERCHE-009_0069.png
294,0,C:\Users\alexa\Desktop\Glomeruli-FP03-2026\data\glomeruli\crops\RECHERCHE-009_0073.png,../../../data/glomeruli/crops/RECHERCHE-009_0073.png
295,0,C:\Users\alexa\Desktop\Glomeruli-FP03-2026\data\glomeruli\crops\RECHERCHE-009_0074.png,../../../data/glomeruli/crops/RECHERCHE-009_0074.png
334,0,C:\Users\alexa\Desktop\Glomeruli-FP03-2026\data\glomeruli\crops\RECHERCHE-010_0010.png,../../../data/glomeruli/crops/RECHERCHE-010_0010.png
337,0,C:\Users\alexa\Desktop\Glomeruli-FP03-2026\data\glomeruli\crops\RECHERCHE-010_0013.png,../../../data/glomeruli/crops/RECHERCHE-010_0013.png
340,0,C:\Users\alexa\Desktop\Glomeruli-FP03-2026\data\glomeruli\crops\RECHERCHE-010_0016.png,../../../data/glomeruli/crops/RECHERCHE-010_0016.png
342,0,C:\Users\alexa\Desktop\Glomeruli-FP03-2026\data\glomeruli\crops\RECHERCHE-010_0018.png,../../../data/glomeruli/crops/RECHERCHE-010_0018.png
344,0,C:\Users\alexa\Desktop\Glomeruli-FP03-2026\data\glomeruli\crops\RECHERCHE-010_0020.png,../../../data/glomeruli/crops/RECHERCHE-010_0020.png
345,0,C:\Users\alexa\Desktop\Glomeruli-FP03-2026\data\glomeruli\crops\RECHERCHE-010_0021.png,../../../data/glomeruli/crops/RECHERCHE-010_0021.png
346,0,C:\Users\alexa\Desktop\Glomeruli-FP03-2026\data\glomeruli\crops\RECHERCHE-010_0022.png,../../../data/glomeruli/crops/RECHERCHE-010_0022.png
349,0,C:\Users\alexa\Desktop\Glomeruli-FP03-2026\data\glomeruli\crops\RECHERCHE-010_0025.png,../../../data/glomeruli/crops/RECHERCHE-010_0025.png
351,0,C:\Users\alexa\Desktop\Glomeruli-FP03-2026\data\glomeruli\crops\RECHERCHE-010_0027.png,../../../data/glomeruli/crops/RECHERCHE-010_0027.png
354,0,C:\Users\alexa\Desktop\Glomeruli-FP03-2026\data\glomeruli\crops\RECHERCHE-010_0030.png,../../../data/glomeruli/crops/RECHERCHE-010_0030.png
366,0,C:\Users\alexa\Desktop\Glomeruli-FP03-2026\data\glomeruli\crops\RECHERCHE-010_0042.png,../../../data/glomeruli/crops/RECHERCHE-010_0042.png
367,0,C:\Users\alexa\Desktop\Glomeruli-FP03-2026\data\glomeruli\crops\RECHERCHE-010_0043.png,../../../data/glomeruli/crops/RECHERCHE-010_0043.png
369,0,C:\Users\alexa\Desktop\Glomeruli-FP03-2026\data\glomeruli\crops\RECHERCHE-010_0045.png,../../../data/glomeruli/crops/RECHERCHE-010_0045.png
370,0,C:\Users\alexa\Desktop\Glomeruli-FP03-2026\data\glomeruli\crops\RECHERCHE-010_0046.png,../../../data/glomeruli/crops/RECHERCHE-010_0046.png
372,0,C:\Users\alexa\Desktop\Glomeruli-FP03-2026\data\glomeruli\crops\RECHERCHE-010_0048.png,../../../data/glomeruli/crops/RECHERCHE-010_0048.png
373,0,C:\Users\alexa\Desktop\Glomeruli-FP03-2026\data\glomeruli\crops\RECHERCHE-010_0049.png,../../../data/glomeruli/crops/RECHERCHE-010_0049.png
374,0,C:\Users\alexa\Desktop\Glomeruli-FP03-2026\data\glomeruli\crops\RECHERCHE-010_0050.png,../../../data/glomeruli/crops/RECHERCHE-010_0050.png
375,0,C:\Users\alexa\Desktop\Glomeruli-FP03-2026\data\glomeruli\crops\RECHERCHE-010_0051.png,../../../data/glomeruli/crops/RECHERCHE-010_0051.png
377,0,C:\Users\alexa\Desktop\Glomeruli-FP03-2026\data\glomeruli\crops\RECHERCHE-010_0053.png,../../../data/glomeruli/crops/RECHERCHE-010_0053.png
378,0,C:\Users\alexa\Desktop\Glomeruli-FP03-2026\data\glomeruli\crops\RECHERCHE-010_0054.png,../../../data/glomeruli/crops/RECHERCHE-010_0054.png
379,0,C:\Users\alexa\Desktop\Glomeruli-FP03-2026\data\glomeruli\crops\RECHERCHE-010_0055.png,../../../data/glomeruli/crops/RECHERCHE-010_0055.png
390,0,C:\Users\alexa\Desktop\Glomeruli-FP03-2026\data\glomeruli\crops\RECHERCHE-010_0066.png,../../../data/glomeruli/crops/RECHERCHE-010_0066.png
395,0,C:\Users\alexa\Desktop\Glomeruli-FP03-2026\data\glomeruli\crops\RECHERCHE-010_0071.png,../../../data/glomeruli/crops/RECHERCHE-010_0071.png
396,0,C:\Users\alexa\Desktop\Glomeruli-FP03-2026\data\glomeruli\crops\RECHERCHE-010_0072.png,../../../data/glomeruli/crops/RECHERCHE-010_0072.png
397,0,C:\Users\alexa\Desktop\Glomeruli-FP03-2026\data\glomeruli\crops\RECHERCHE-010_0073.png,../../../data/glomeruli/crops/RECHERCHE-010_0073.png
398,0,C:\Users\alexa\Desktop\Glomeruli-FP03-2026\data\glomeruli\crops\RECHERCHE-010_0074.png,../../../data/glomeruli/crops/RECHERCHE-010_0074.png
399,0,C:\Users\alexa\Desktop\Glomeruli-FP03-2026\data\glomeruli\crops\RECHERCHE-010_0075.png,../../../data/glomeruli/crops/RECHERCHE-010_0075.png
400,0,C:\Users\alexa\Desktop\Glomeruli-FP03-2026\data\glomeruli\crops\RECHERCHE-010_0076.png,../../../data/glomeruli/crops/RECHERCHE-010_0076.png
402,0,C:\Users\alexa\Desktop\Glomeruli-FP03-2026\data\glomeruli\crops\RECHERCHE-010_0078.png,../../../data/glomeruli/crops/RECHERCHE-010_0078.png
404,0,C:\Users\alexa\Desktop\Glomeruli-FP03-2026\data\glomeruli\crops\RECHERCHE-010_0080.png,../../../data/glomeruli/crops/RECHERCHE-010_0080.png
405,0,C:\Users\alexa\Desktop\Glomeruli-FP03-2026\data\glomeruli\crops\RECHERCHE-010_0081.png,../../../data/glomeruli/crops/RECHERCHE-010_0081.png
407,0,C:\Users\alexa\Desktop\Glomeruli-FP03-2026\data\glomeruli\crops\RECHERCHE-010_0083.png,../../../data/glomeruli/crops/RECHERCHE-010_0083.png
408,0,C:\Users\alexa\Desktop\Glomeruli-FP03-2026\data\glomeruli\crops\RECHERCHE-010_0084.png,../../../data/glomeruli/crops/RECHERCHE-010_0084.png
411,0,C:\Users\alexa\Desktop\Glomeruli-FP03-2026\data\glomeruli\crops\RECHERCHE-010_0087.png,../../../data/glomeruli/crops/RECHERCHE-010_0087.png
414,0,C:\Users\alexa\Desktop\Glomeruli-FP03-2026\data\glomeruli\crops\RECHERCHE-010_0090.png,../../../data/glomeruli/crops/RECHERCHE-010_0090.png
415,0,C:\Users\alexa\Desktop\Glomeruli-FP03-2026\data\glomeruli\crops\RECHERCHE-010_0091.png,../../../data/glomeruli/crops/RECHERCHE-010_0091.png
417,0,C:\Users\alexa\Desktop\Glomeruli-FP03-2026\data\glomeruli\crops\RECHERCHE-010_0093.png,../../../data/glomeruli/crops/RECHERCHE-010_0093.png
418,0,C:\Users\alexa\Desktop\Glomeruli-FP03-2026\data\glomeruli\crops\RECHERCHE-010_0094.png,../../../data/glomeruli/crops/RECHERCHE-010_0094.png
419,0,C:\Users\alexa\Desktop\Glomeruli-FP03-2026\data\glomeruli\crops\RECHERCHE-010_0095.png,../../../data/glomeruli/crops/RECHERCHE-010_0095.png
420,0,C:\Users\alexa\Desktop\Glomeruli-FP03-2026\data\glomeruli\crops\RECHERCHE-010_0096.png,../../../data/glomeruli/crops/RECHERCHE-010_0096.png
421,0,C:\Users\alexa\Desktop\Glomeruli-FP03-2026\data\glomeruli\crops\RECHERCHE-010_0097.png,../../../data/glomeruli/crops/RECHERCHE-010_0097.png
422,0,C:\Users\alexa\Desktop\Glomeruli-FP03-2026\data\glomeruli\crops\RECHERCHE-010_0098.png,../../../data/glomeruli/crops/RECHERCHE-010_0098.png
423,0,C:\Users\alexa\Desktop\Glomeruli-FP03-2026\data\glomeruli\crops\RECHERCHE-010_0099.png,../../../data/glomeruli/crops/RECHERCHE-010_0099.png
430,0,C:\Users\alexa\Desktop\Glomeruli-FP03-2026\data\glomeruli\crops\RECHERCHE-010_0106.png,../../../data/glomeruli/crops/RECHERCHE-010_0106.png
473,0,C:\Users\alexa\Desktop\Glomeruli-FP03-2026\data\glomeruli\crops\RECHERCHE-011_0012.png,../../../data/glomeruli/crops/RECHERCHE-011_0012.png
474,0,C:\Users\alexa\Desktop\Glomeruli-FP03-2026\data\glomeruli\crops\RECHERCHE-011_0013.png,../../../data/glomeruli/crops/RECHERCHE-011_0013.png
475,0,C:\Users\alexa\Desktop\Glomeruli-FP03-2026\data\glomeruli\crops\RECHERCHE-011_0014.png,../../../data/glomeruli/crops/RECHERCHE-011_0014.png
480,0,C:\Users\alexa\Desktop\Glomeruli-FP03-2026\data\glomeruli\crops\RECHERCHE-011_0019.png,../../../data/glomeruli/crops/RECHERCHE-011_0019.png
481,0,C:\Users\alexa\Desktop\Glomeruli-FP03-2026\data\glomeruli\crops\RECHERCHE-011_0020.png,../../../data/glomeruli/crops/RECHERCHE-011_0020.png
482,0,C:\Users\alexa\Desktop\Glomeruli-FP03-2026\data\glomeruli\crops\RECHERCHE-011_0021.png,../../../data/glomeruli/crops/RECHERCHE-011_0021.png
483,0,C:\Users\alexa\Desktop\Glomeruli-FP03-2026\data\glomeruli\crops\RECHERCHE-011_0022.png,../../../data/glomeruli/crops/RECHERCHE-011_0022.png
484,0,C:\Users\alexa\Desktop\Glomeruli-FP03-2026\data\glomeruli\crops\RECHERCHE-011_0023.png,../../../data/glomeruli/crops/RECHERCHE-011_0023.png
486,0,C:\Users\alexa\Desktop\Glomeruli-FP03-2026\data\glomeruli\crops\RECHERCHE-011_0025.png,../../../data/glomeruli/crops/RECHERCHE-011_0025.png
496,0,C:\Users\alexa\Desktop\Glomeruli-FP03-2026\data\glomeruli\crops\RECHERCHE-011_0035.png,../../../data/glomeruli/crops/RECHERCHE-011_0035.png
500,0,C:\Users\alexa\Desktop\Glomeruli-FP03-2026\data\glomeruli\crops\RECHERCHE-011_0039.png,../../../data/glomeruli/crops/RECHERCHE-011_0039.png
504,0,C:\Users\alexa\Desktop\Glomeruli-FP03-2026\data\glomeruli\crops\RECHERCHE-011_0043.png,../../../data/glomeruli/crops/RECHERCHE-011_0043.png
505,0,C:\Users\alexa\Desktop\Glomeruli-FP03-2026\data\glomeruli\crops\RECHERCHE-011_0044.png,../../../data/glomeruli/crops/RECHERCHE-011_0044.png
507,0,C:\Users\alexa\Desktop\Glomeruli-FP03-2026\data\glomeruli\crops\RECHERCHE-011_0046.png,../../../data/glomeruli/crops/RECHERCHE-011_0046.png
508,0,C:\Users\alexa\Desktop\Glomeruli-FP03-2026\data\glomeruli\crops\RECHERCHE-011_0047.png,../../../data/glomeruli/crops/RECHERCHE-011_0047.png
509,0,C:\Users\alexa\Desktop\Glomeruli-FP03-2026\data\glomeruli\crops\RECHERCHE-011_0048.png,../../../data/glomeruli/crops/RECHERCHE-011_0048.png
510,0,C:\Users\alexa\Desktop\Glomeruli-FP03-2026\data\glomeruli\crops\RECHERCHE-011_0049.png,../../../data/glomeruli/crops/RECHERCHE-011_0049.png
512,0,C:\Users\alexa\Desktop\Glomeruli-FP03-2026\data\glomeruli\crops\RECHERCHE-011_0051.png,../../../data/glomeruli/crops/RECHERCHE-011_0051.png
514,0,C:\Users\alexa\Desktop\Glomeruli-FP03-2026\data\glomeruli\crops\RECHERCHE-011_0053.png,../../../data/glomeruli/crops/RECHERCHE-011_0053.png
515,0,C:\Users\alexa\Desktop\Glomeruli-FP03-2026\data\glomeruli\crops\RECHERCHE-011_0054.png,../../../data/glomeruli/crops/RECHERCHE-011_0054.png
516,0,C:\Users\alexa\Desktop\Glomeruli-FP03-2026\data\glomeruli\crops\RECHERCHE-011_0055.png,../../../data/glomeruli/crops/RECHERCHE-011_0055.png
517,0,C:\Users\alexa\Desktop\Glomeruli-FP03-2026\data\glomeruli\crops\RECHERCHE-011_0056.png,../../../data/glomeruli/crops/RECHERCHE-011_0056.png
518,0,C:\Users\alexa\Desktop\Glomeruli-FP03-2026\data\glomeruli\crops\RECHERCHE-011_0057.png,../../../data/glomeruli/crops/RECHERCHE-011_0057.png
519,0,C:\Users\alexa\Desktop\Glomeruli-FP03-2026\data\glomeruli\crops\RECHERCHE-011_0058.png,../../../data/glomeruli/crops/RECHERCHE-011_0058.png
522,0,C:\Users\alexa\Desktop\Glomeruli-FP03-2026\data\glomeruli\crops\RECHERCHE-011_0061.png,../../../data/glomeruli/crops/RECHERCHE-011_0061.png
525,0,C:\Users\alexa\Desktop\Glomeruli-FP03-2026\data\glomeruli\crops\RECHERCHE-011_0064.png,../../../data/glomeruli/crops/RECHERCHE-011_0064.png
526,0,C:\Users\alexa\Desktop\Glomeruli-FP03-2026\data\glomeruli\crops\RECHERCHE-011_0065.png,../../../data/glomeruli/crops/RECHERCHE-011_0065.png
5,1,C:\Users\alexa\Desktop\Glomeruli-FP03-2026\data\glomeruli\crops\RECHERCHE-003_0005.png,../../../data/glomeruli/crops/RECHERCHE-003_0005.png
6,1,C:\Users\alexa\Desktop\Glomeruli-FP03-2026\data\glomeruli\crops\RECHERCHE-003_0006.png,../../../data/glomeruli/crops/RECHERCHE-003_0006.png
11,1,C:\Users\alexa\Desktop\Glomeruli-FP03-2026\data\glomeruli\crops\RECHERCHE-003_0011.png,../../../data/glomeruli/crops/RECHERCHE-003_0011.png
23,1,C:\Users\alexa\Desktop\Glomeruli-FP03-2026\data\glomeruli\crops\RECHERCHE-003_0023.png,../../../data/glomeruli/crops/RECHERCHE-003_0023.png
29,1,C:\Users\alexa\Desktop\Glomeruli-FP03-2026\data\glomeruli\crops\RECHERCHE-003_0029.png,../../../data/glomeruli/crops/RECHERCHE-003_0029.png
30,1,C:\Users\alexa\Desktop\Glomeruli-FP03-2026\data\glomeruli\crops\RECHERCHE-003_0030.png,../../../data/glomeruli/crops/RECHERCHE-003_0030.png
35,1,C:\Users\alexa\Desktop\Glomeruli-FP03-2026\data\glomeruli\crops\RECHERCHE-003_0035.png,../../../data/glomeruli/crops/RECHERCHE-003_0035.png
42,1,C:\Users\alexa\Desktop\Glomeruli-FP03-2026\data\glomeruli\crops\RECHERCHE-003_0042.png,../../../data/glomeruli/crops/RECHERCHE-003_0042.png
47,1,C:\Users\alexa\Desktop\Glomeruli-FP03-2026\data\glomeruli\crops\RECHERCHE-003_0047.png,../../../data/glomeruli/crops/RECHERCHE-003_0047.png
51,1,C:\Users\alexa\Desktop\Glomeruli-FP03-2026\data\glomeruli\crops\RECHERCHE-003_0051.png,../../../data/glomeruli/crops/RECHERCHE-003_0051.png
53,1,C:\Users\alexa\Desktop\Glomeruli-FP03-2026\data\glomeruli\crops\RECHERCHE-003_0053.png,../../../data/glomeruli/crops/RECHERCHE-003_0053.png
54,1,C:\Users\alexa\Desktop\Glomeruli-FP03-2026\data\glomeruli\crops\RECHERCHE-003_0054.png,../../../data/glomeruli/crops/RECHERCHE-003_0054.png
56,1,C:\Users\alexa\Desktop\Glomeruli-FP03-2026\data\glomeruli\crops\RECHERCHE-003_0056.png,../../../data/glomeruli/crops/RECHERCHE-003_0056.png
57,1,C:\Users\alexa\Desktop\Glomeruli-FP03-2026\data\glomeruli\crops\RECHERCHE-003_0057.png,../../../data/glomeruli/crops/RECHERCHE-003_0057.png
58,1,C:\Users\alexa\Desktop\Glomeruli-FP03-2026\data\glomeruli\crops\RECHERCHE-003_0058.png,../../../data/glomeruli/crops/RECHERCHE-003_0058.png
59,1,C:\Users\alexa\Desktop\Glomeruli-FP03-2026\data\glomeruli\crops\RECHERCHE-003_0059.png,../../../data/glomeruli/crops/RECHERCHE-003_0059.png
62,1,C:\Users\alexa\Desktop\Glomeruli-FP03-2026\data\glomeruli\crops\RECHERCHE-004_0001.png,../../../data/glomeruli/crops/RECHERCHE-004_0001.png
66,1,C:\Users\alexa\Desktop\Glomeruli-FP03-2026\data\glomeruli\crops\RECHERCHE-004_0005.png,../../../data/glomeruli/crops/RECHERCHE-004_0005.png
70,1,C:\Users\alexa\Desktop\Glomeruli-FP03-2026\data\glomeruli\crops\RECHERCHE-004_0009.png,../../../data/glomeruli/crops/RECHERCHE-004_0009.png
77,1,C:\Users\alexa\Desktop\Glomeruli-FP03-2026\data\glomeruli\crops\RECHERCHE-004_0016.png,../../../data/glomeruli/crops/RECHERCHE-004_0016.png
80,1,C:\Users\alexa\Desktop\Glomeruli-FP03-2026\data\glomeruli\crops\RECHERCHE-004_0019.png,../../../data/glomeruli/crops/RECHERCHE-004_0019.png
85,1,C:\Users\alexa\Desktop\Glomeruli-FP03-2026\data\glomeruli\crops\RECHERCHE-004_0024.png,../../../data/glomeruli/crops/RECHERCHE-004_0024.png
87,1,C:\Users\alexa\Desktop\Glomeruli-FP03-2026\data\glomeruli\crops\RECHERCHE-004_0026.png,../../../data/glomeruli/crops/RECHERCHE-004_0026.png
96,1,C:\Users\alexa\Desktop\Glomeruli-FP03-2026\data\glomeruli\crops\RECHERCHE-004_0035.png,../../../data/glomeruli/crops/RECHERCHE-004_0035.png
100,1,C:\Users\alexa\Desktop\Glomeruli-FP03-2026\data\glomeruli\crops\RECHERCHE-004_0039.png,../../../data/glomeruli/crops/RECHERCHE-004_0039.png
102,1,C:\Users\alexa\Desktop\Glomeruli-FP03-2026\data\glomeruli\crops\RECHERCHE-004_0041.png,../../../data/glomeruli/crops/RECHERCHE-004_0041.png
113,1,C:\Users\alexa\Desktop\Glomeruli-FP03-2026\data\glomeruli\crops\RECHERCHE-004_0052.png,../../../data/glomeruli/crops/RECHERCHE-004_0052.png
118,1,C:\Users\alexa\Desktop\Glomeruli-FP03-2026\data\glomeruli\crops\RECHERCHE-004_0057.png,../../../data/glomeruli/crops/RECHERCHE-004_0057.png
120,1,C:\Users\alexa\Desktop\Glomeruli-FP03-2026\data\glomeruli\crops\RECHERCHE-004_0059.png,../../../data/glomeruli/crops/RECHERCHE-004_0059.png
131,1,C:\Users\alexa\Desktop\Glomeruli-FP03-2026\data\glomeruli\crops\RECHERCHE-004_0070.png,../../../data/glomeruli/crops/RECHERCHE-004_0070.png
132,1,C:\Users\alexa\Desktop\Glomeruli-FP03-2026\data\glomeruli\crops\RECHERCHE-004_0071.png,../../../data/glomeruli/crops/RECHERCHE-004_0071.png
133,1,C:\Users\alexa\Desktop\Glomeruli-FP03-2026\data\glomeruli\crops\RECHERCHE-004_0072.png,../../../data/glomeruli/crops/RECHERCHE-004_0072.png
134,1,C:\Users\alexa\Desktop\Glomeruli-FP03-2026\data\glomeruli\crops\RECHERCHE-004_0073.png,../../../data/glomeruli/crops/RECHERCHE-004_0073.png
135,1,C:\Users\alexa\Desktop\Glomeruli-FP03-2026\data\glomeruli\crops\RECHERCHE-004_0074.png,../../../data/glomeruli/crops/RECHERCHE-004_0074.png
136,1,C:\Users\alexa\Desktop\Glomeruli-FP03-2026\data\glomeruli\crops\RECHERCHE-004_0075.png,../../../data/glomeruli/crops/RECHERCHE-004_0075.png
137,1,C:\Users\alexa\Desktop\Glomeruli-FP03-2026\data\glomeruli\crops\RECHERCHE-004_0076.png,../../../data/glomeruli/crops/RECHERCHE-004_0076.png
138,1,C:\Users\alexa\Desktop\Glomeruli-FP03-2026\data\glomeruli\crops\RECHERCHE-004_0077.png,../../../data/glomeruli/crops/RECHERCHE-004_0077.png
139,1,C:\Users\alexa\Desktop\Glomeruli-FP03-2026\data\glomeruli\crops\RECHERCHE-004_0078.png,../../../data/glomeruli/crops/RECHERCHE-004_0078.png
140,1,C:\Users\alexa\Desktop\Glomeruli-FP03-2026\data\glomeruli\crops\RECHERCHE-004_0079.png,../../../data/glomeruli/crops/RECHERCHE-004_0079.png
141,1,C:\Users\alexa\Desktop\Glomeruli-FP03-2026\data\glomeruli\crops\RECHERCHE-004_0080.png,../../../data/glomeruli/crops/RECHERCHE-004_0080.png
142,1,C:\Users\alexa\Desktop\Glomeruli-FP03-2026\data\glomeruli\crops\RECHERCHE-005_0000.png,../../../data/glomeruli/crops/RECHERCHE-005_0000.png
146,1,C:\Users\alexa\Desktop\Glomeruli-FP03-2026\data\glomeruli\crops\RECHERCHE-005_0004.png,../../../data/glomeruli/crops/RECHERCHE-005_0004.png
149,1,C:\Users\alexa\Desktop\Glomeruli-FP03-2026\data\glomeruli\crops\RECHERCHE-005_0007.png,../../../data/glomeruli/crops/RECHERCHE-005_0007.png
151,1,C:\Users\alexa\Desktop\Glomeruli-FP03-2026\data\glomeruli\crops\RECHERCHE-005_0009.png,../../../data/glomeruli/crops/RECHERCHE-005_0009.png
159,1,C:\Users\alexa\Desktop\Glomeruli-FP03-2026\data\glomeruli\crops\RECHERCHE-005_0017.png,../../../data/glomeruli/crops/RECHERCHE-005_0017.png
163,1,C:\Users\alexa\Desktop\Glomeruli-FP03-2026\data\glomeruli\crops\RECHERCHE-005_0021.png,../../../data/glomeruli/crops/RECHERCHE-005_0021.png
169,1,C:\Users\alexa\Desktop\Glomeruli-FP03-2026\data\glomeruli\crops\RECHERCHE-005_0027.png,../../../data/glomeruli/crops/RECHERCHE-005_0027.png
171,1,C:\Users\alexa\Desktop\Glomeruli-FP03-2026\data\glomeruli\crops\RECHERCHE-005_0029.png,../../../data/glomeruli/crops/RECHERCHE-005_0029.png
179,1,C:\Users\alexa\Desktop\Glomeruli-FP03-2026\data\glomeruli\crops\RECHERCHE-005_0037.png,../../../data/glomeruli/crops/RECHERCHE-005_0037.png
183,1,C:\Users\alexa\Desktop\Glomeruli-FP03-2026\data\glomeruli\crops\RECHERCHE-005_0041.png,../../../data/glomeruli/crops/RECHERCHE-005_0041.png
189,1,C:\Users\alexa\Desktop\Glomeruli-FP03-2026\data\glomeruli\crops\RECHERCHE-005_0047.png,../../../data/glomeruli/crops/RECHERCHE-005_0047.png
191,1,C:\Users\alexa\Desktop\Glomeruli-FP03-2026\data\glomeruli\crops\RECHERCHE-005_0049.png,../../../data/glomeruli/crops/RECHERCHE-005_0049.png
198,1,C:\Users\alexa\Desktop\Glomeruli-FP03-2026\data\glomeruli\crops\RECHERCHE-005_0056.png,../../../data/glomeruli/crops/RECHERCHE-005_0056.png
206,1,C:\Users\alexa\Desktop\Glomeruli-FP03-2026\data\glomeruli\crops\RECHERCHE-005_0064.png,../../../data/glomeruli/crops/RECHERCHE-005_0064.png
214,1,C:\Users\alexa\Desktop\Glomeruli-FP03-2026\data\glomeruli\crops\RECHERCHE-005_0072.png,../../../data/glomeruli/crops/RECHERCHE-005_0072.png
215,1,C:\Users\alexa\Desktop\Glomeruli-FP03-2026\data\glomeruli\crops\RECHERCHE-005_0073.png,../../../data/glomeruli/crops/RECHERCHE-005_0073.png
221,1,C:\Users\alexa\Desktop\Glomeruli-FP03-2026\data\glomeruli\crops\RECHERCHE-009_0000.png,../../../data/glomeruli/crops/RECHERCHE-009_0000.png
222,1,C:\Users\alexa\Desktop\Glomeruli-FP03-2026\data\glomeruli\crops\RECHERCHE-009_0001.png,../../../data/glomeruli/crops/RECHERCHE-009_0001.png
223,1,C:\Users\alexa\Desktop\Glomeruli-FP03-2026\data\glomeruli\crops\RECHERCHE-009_0002.png,../../../data/glomeruli/crops/RECHERCHE-009_0002.png
224,1,C:\Users\alexa\Desktop\Glomeruli-FP03-2026\data\glomeruli\crops\RECHERCHE-009_0003.png,../../../data/glomeruli/crops/RECHERCHE-009_0003.png
225,1,C:\Users\alexa\Desktop\Glomeruli-FP03-2026\data\glomeruli\crops\RECHERCHE-009_0004.png,../../../data/glomeruli/crops/RECHERCHE-009_0004.png
227,1,C:\Users\alexa\Desktop\Glomeruli-FP03-2026\data\glomeruli\crops\RECHERCHE-009_0006.png,../../../data/glomeruli/crops/RECHERCHE-009_0006.png
228,1,C:\Users\alexa\Desktop\Glomeruli-FP03-2026\data\glomeruli\crops\RECHERCHE-009_0007.png,../../../data/glomeruli/crops/RECHERCHE-009_0007.png
230,1,C:\Users\alexa\Desktop\Glomeruli-FP03-2026\data\glomeruli\crops\RECHERCHE-009_0009.png,../../../data/glomeruli/crops/RECHERCHE-009_0009.png
232,1,C:\Users\alexa\Desktop\Glomeruli-FP03-2026\data\glomeruli\crops\RECHERCHE-009_0011.png,../../../data/glomeruli/crops/RECHERCHE-009_0011.png
235,1,C:\Users\alexa\Desktop\Glomeruli-FP03-2026\data\glomeruli\crops\RECHERCHE-009_0014.png,../../../data/glomeruli/crops/RECHERCHE-009_0014.png
244,1,C:\Users\alexa\Desktop\Glomeruli-FP03-2026\data\glomeruli\crops\RECHERCHE-009_0023.png,../../../data/glomeruli/crops/RECHERCHE-009_0023.png
246,1,C:\Users\alexa\Desktop\Glomeruli-FP03-2026\data\glomeruli\crops\RECHERCHE-009_0025.png,../../../data/glomeruli/crops/RECHERCHE-009_0025.png
247,1,C:\Users\alexa\Desktop\Glomeruli-FP03-2026\data\glomeruli\crops\RECHERCHE-009_0026.png,../../../data/glomeruli/crops/RECHERCHE-009_0026.png
249,1,C:\Users\alexa\Desktop\Glomeruli-FP03-2026\data\glomeruli\crops\RECHERCHE-009_0028.png,../../../data/glomeruli/crops/RECHERCHE-009_0028.png
250,1,C:\Users\alexa\Desktop\Glomeruli-FP03-2026\data\glomeruli\crops\RECHERCHE-009_0029.png,../../../data/glomeruli/crops/RECHERCHE-009_0029.png
252,1,C:\Users\alexa\Desktop\Glomeruli-FP03-2026\data\glomeruli\crops\RECHERCHE-009_0031.png,../../../data/glomeruli/crops/RECHERCHE-009_0031.png
253,1,C:\Users\alexa\Desktop\Glomeruli-FP03-2026\data\glomeruli\crops\RECHERCHE-009_0032.png,../../../data/glomeruli/crops/RECHERCHE-009_0032.png
254,1,C:\Users\alexa\Desktop\Glomeruli-FP03-2026\data\glomeruli\crops\RECHERCHE-009_0033.png,../../../data/glomeruli/crops/RECHERCHE-009_0033.png
255,1,C:\Users\alexa\Desktop\Glomeruli-FP03-2026\data\glomeruli\crops\RECHERCHE-009_0034.png,../../../data/glomeruli/crops/RECHERCHE-009_0034.png
256,1,C:\Users\alexa\Desktop\Glomeruli-FP03-2026\data\glomeruli\crops\RECHERCHE-009_0035.png,../../../data/glomeruli/crops/RECHERCHE-009_0035.png
257,1,C:\Users\alexa\Desktop\Glomeruli-FP03-2026\data\glomeruli\crops\RECHERCHE-009_0036.png,../../../data/glomeruli/crops/RECHERCHE-009_0036.png
259,1,C:\Users\alexa\Desktop\Glomeruli-FP03-2026\data\glomeruli\crops\RECHERCHE-009_0038.png,../../../data/glomeruli/crops/RECHERCHE-009_0038.png
260,1,C:\Users\alexa\Desktop\Glomeruli-FP03-2026\data\glomeruli\crops\RECHERCHE-009_0039.png,../../../data/glomeruli/crops/RECHERCHE-009_0039.png
261,1,C:\Users\alexa\Desktop\Glomeruli-FP03-2026\data\glomeruli\crops\RECHERCHE-009_0040.png,../../../data/glomeruli/crops/RECHERCHE-009_0040.png
262,1,C:\Users\alexa\Desktop\Glomeruli-FP03-2026\data\glomeruli\crops\RECHERCHE-009_0041.png,../../../data/glomeruli/crops/RECHERCHE-009_0041.png
263,1,C:\Users\alexa\Desktop\Glomeruli-FP03-2026\data\glomeruli\crops\RECHERCHE-009_0042.png,../../../data/glomeruli/crops/RECHERCHE-009_0042.png
264,1,C:\Users\alexa\Desktop\Glomeruli-FP03-2026\data\glomeruli\crops\RECHERCHE-009_0043.png,../../../data/glomeruli/crops/RECHERCHE-009_0043.png
265,1,C:\Users\alexa\Desktop\Glomeruli-FP03-2026\data\glomeruli\crops\RECHERCHE-009_0044.png,../../../data/glomeruli/crops/RECHERCHE-009_0044.png
266,1,C:\Users\alexa\Desktop\Glomeruli-FP03-2026\data\glomeruli\crops\RECHERCHE-009_0045.png,../../../data/glomeruli/crops/RECHERCHE-009_0045.png
267,1,C:\Users\alexa\Desktop\Glomeruli-FP03-2026\data\glomeruli\crops\RECHERCHE-009_0046.png,../../../data/glomeruli/crops/RECHERCHE-009_0046.png
268,1,C:\Users\alexa\Desktop\Glomeruli-FP03-2026\data\glomeruli\crops\RECHERCHE-009_0047.png,../../../data/glomeruli/crops/RECHERCHE-009_0047.png
269,1,C:\Users\alexa\Desktop\Glomeruli-FP03-2026\data\glomeruli\crops\RECHERCHE-009_0048.png,../../../data/glomeruli/crops/RECHERCHE-009_0048.png
272,1,C:\Users\alexa\Desktop\Glomeruli-FP03-2026\data\glomeruli\crops\RECHERCHE-009_0051.png,../../../data/glomeruli/crops/RECHERCHE-009_0051.png
273,1,C:\Users\alexa\Desktop\Glomeruli-FP03-2026\data\glomeruli\crops\RECHERCHE-009_0052.png,../../../data/glomeruli/crops/RECHERCHE-009_0052.png
274,1,C:\Users\alexa\Desktop\Glomeruli-FP03-2026\data\glomeruli\crops\RECHERCHE-009_0053.png,../../../data/glomeruli/crops/RECHERCHE-009_0053.png
276,1,C:\Users\alexa\Desktop\Glomeruli-FP03-2026\data\glomeruli\crops\RECHERCHE-009_0055.png,../../../data/glomeruli/crops/RECHERCHE-009_0055.png
278,1,C:\Users\alexa\Desktop\Glomeruli-FP03-2026\data\glomeruli\crops\RECHERCHE-009_0057.png,../../../data/glomeruli/crops/RECHERCHE-009_0057.png
282,1,C:\Users\alexa\Desktop\Glomeruli-FP03-2026\data\glomeruli\crops\RECHERCHE-009_0061.png,../../../data/glomeruli/crops/RECHERCHE-009_0061.png
283,1,C:\Users\alexa\Desktop\Glomeruli-FP03-2026\data\glomeruli\crops\RECHERCHE-009_0062.png,../../../data/glomeruli/crops/RECHERCHE-009_0062.png
287,1,C:\Users\alexa\Desktop\Glomeruli-FP03-2026\data\glomeruli\crops\RECHERCHE-009_0066.png,../../../data/glomeruli/crops/RECHERCHE-009_0066.png
289,1,C:\Users\alexa\Desktop\Glomeruli-FP03-2026\data\glomeruli\crops\RECHERCHE-009_0068.png,../../../data/glomeruli/crops/RECHERCHE-009_0068.png
291,1,C:\Users\alexa\Desktop\Glomeruli-FP03-2026\data\glomeruli\crops\RECHERCHE-009_0070.png,../../../data/glomeruli/crops/RECHERCHE-009_0070.png
292,1,C:\Users\alexa\Desktop\Glomeruli-FP03-2026\data\glomeruli\crops\RECHERCHE-009_0071.png,../../../data/glomeruli/crops/RECHERCHE-009_0071.png
293,1,C:\Users\alexa\Desktop\Glomeruli-FP03-2026\data\glomeruli\crops\RECHERCHE-009_0072.png,../../../data/glomeruli/crops/RECHERCHE-009_0072.png
296,1,C:\Users\alexa\Desktop\Glomeruli-FP03-2026\data\glomeruli\crops\RECHERCHE-009_0075.png,../../../data/glomeruli/crops/RECHERCHE-009_0075.png
297,1,C:\Users\alexa\Desktop\Glomeruli-FP03-2026\data\glomeruli\crops\RECHERCHE-009_0076.png,../../../data/glomeruli/crops/RECHERCHE-009_0076.png
298,1,C:\Users\alexa\Desktop\Glomeruli-FP03-2026\data\glomeruli\crops\RECHERCHE-009_0077.png,../../../data/glomeruli/crops/RECHERCHE-009_0077.png
299,1,C:\Users\alexa\Desktop\Glomeruli-FP03-2026\data\glomeruli\crops\RECHERCHE-009_0078.png,../../../data/glomeruli/crops/RECHERCHE-009_0078.png
300,1,C:\Users\alexa\Desktop\Glomeruli-FP03-2026\data\glomeruli\crops\RECHERCHE-009_0079.png,../../../data/glomeruli/crops/RECHERCHE-009_0079.png
301,1,C:\Users\alexa\Desktop\Glomeruli-FP03-2026\data\glomeruli\crops\RECHERCHE-009_0080.png,../../../data/glomeruli/crops/RECHERCHE-009_0080.png
302,1,C:\Users\alexa\Desktop\Glomeruli-FP03-2026\data\glomeruli\crops\RECHERCHE-009_0081.png,../../../data/glomeruli/crops/RECHERCHE-009_0081.png
303,1,C:\Users\alexa\Desktop\Glomeruli-FP03-2026\data\glomeruli\crops\RECHERCHE-009_0082.png,../../../data/glomeruli/crops/RECHERCHE-009_0082.png
304,1,C:\Users\alexa\Desktop\Glomeruli-FP03-2026\data\glomeruli\crops\RECHERCHE-009_0083.png,../../../data/glomeruli/crops/RECHERCHE-009_0083.png
305,1,C:\Users\alexa\Desktop\Glomeruli-FP03-2026\data\glomeruli\crops\RECHERCHE-009_0084.png,../../../data/glomeruli/crops/RECHERCHE-009_0084.png
306,1,C:\Users\alexa\Desktop\Glomeruli-FP03-2026\data\glomeruli\crops\RECHERCHE-009_0085.png,../../../data/glomeruli/crops/RECHERCHE-009_0085.png
307,1,C:\Users\alexa\Desktop\Glomeruli-FP03-2026\data\glomeruli\crops\RECHERCHE-009_0086.png,../../../data/glomeruli/crops/RECHERCHE-009_0086.png
308,1,C:\Users\alexa\Desktop\Glomeruli-FP03-2026\data\glomeruli\crops\RECHERCHE-009_0087.png,../../../data/glomeruli/crops/RECHERCHE-009_0087.png
309,1,C:\Users\alexa\Desktop\Glomeruli-FP03-2026\data\glomeruli\crops\RECHERCHE-009_0088.png,../../../data/glomeruli/crops/RECHERCHE-009_0088.png
310,1,C:\Users\alexa\Desktop\Glomeruli-FP03-2026\data\glomeruli\crops\RECHERCHE-009_0089.png,../../../data/glomeruli/crops/RECHERCHE-009_0089.png
311,1,C:\Users\alexa\Desktop\Glomeruli-FP03-2026\data\glomeruli\crops\RECHERCHE-009_0090.png,../../../data/glomeruli/crops/RECHERCHE-009_0090.png
312,1,C:\Users\alexa\Desktop\Glomeruli-FP03-2026\data\glomeruli\crops\RECHERCHE-009_0091.png,../../../data/glomeruli/crops/RECHERCHE-009_0091.png
313,1,C:\Users\alexa\Desktop\Glomeruli-FP03-2026\data\glomeruli\crops\RECHERCHE-009_0092.png,../../../data/glomeruli/crops/RECHERCHE-009_0092.png
314,1,C:\Users\alexa\Desktop\Glomeruli-FP03-2026\data\glomeruli\crops\RECHERCHE-009_0093.png,../../../data/glomeruli/crops/RECHERCHE-009_0093.png
315,1,C:\Users\alexa\Desktop\Glomeruli-FP03-2026\data\glomeruli\crops\RECHERCHE-009_0094.png,../../../data/glomeruli/crops/RECHERCHE-009_0094.png
316,1,C:\Users\alexa\Desktop\Glomeruli-FP03-2026\data\glomeruli\crops\RECHERCHE-009_0095.png,../../../data/glomeruli/crops/RECHERCHE-009_0095.png
317,1,C:\Users\alexa\Desktop\Glomeruli-FP03-2026\data\glomeruli\crops\RECHERCHE-009_0096.png,../../../data/glomeruli/crops/RECHERCHE-009_0096.png
318,1,C:\Users\alexa\Desktop\Glomeruli-FP03-2026\data\glomeruli\crops\RECHERCHE-009_0097.png,../../../data/glomeruli/crops/RECHERCHE-009_0097.png
319,1,C:\Users\alexa\Desktop\Glomeruli-FP03-2026\data\glomeruli\crops\RECHERCHE-009_0098.png,../../../data/glomeruli/crops/RECHERCHE-009_0098.png
320,1,C:\Users\alexa\Desktop\Glomeruli-FP03-2026\data\glomeruli\crops\RECHERCHE-009_0099.png,../../../data/glomeruli/crops/RECHERCHE-009_0099.png
321,1,C:\Users\alexa\Desktop\Glomeruli-FP03-2026\data\glomeruli\crops\RECHERCHE-009_0100.png,../../../data/glomeruli/crops/RECHERCHE-009_0100.png
322,1,C:\Users\alexa\Desktop\Glomeruli-FP03-2026\data\glomeruli\crops\RECHERCHE-009_0101.png,../../../data/glomeruli/crops/RECHERCHE-009_0101.png
323,1,C:\Users\alexa\Desktop\Glomeruli-FP03-2026\data\glomeruli\crops\RECHERCHE-009_0102.png,../../../data/glomeruli/crops/RECHERCHE-009_0102.png
325,1,C:\Users\alexa\Desktop\Glomeruli-FP03-2026\data\glomeruli\crops\RECHERCHE-010_0001.png,../../../data/glomeruli/crops/RECHERCHE-010_0001.png
326,1,C:\Users\alexa\Desktop\Glomeruli-FP03-2026\data\glomeruli\crops\RECHERCHE-010_0002.png,../../../data/glomeruli/crops/RECHERCHE-010_0002.png
327,1,C:\Users\alexa\Desktop\Glomeruli-FP03-2026\data\glomeruli\crops\RECHERCHE-010_0003.png,../../../data/glomeruli/crops/RECHERCHE-010_0003.png
328,1,C:\Users\alexa\Desktop\Glomeruli-FP03-2026\data\glomeruli\crops\RECHERCHE-010_0004.png,../../../data/glomeruli/crops/RECHERCHE-010_0004.png
329,1,C:\Users\alexa\Desktop\Glomeruli-FP03-2026\data\glomeruli\crops\RECHERCHE-010_0005.png,../../../data/glomeruli/crops/RECHERCHE-010_0005.png
330,1,C:\Users\alexa\Desktop\Glomeruli-FP03-2026\data\glomeruli\crops\RECHERCHE-010_0006.png,../../../data/glomeruli/crops/RECHERCHE-010_0006.png
331,1,C:\Users\alexa\Desktop\Glomeruli-FP03-2026\data\glomeruli\crops\RECHERCHE-010_0007.png,../../../data/glomeruli/crops/RECHERCHE-010_0007.png
332,1,C:\Users\alexa\Desktop\Glomeruli-FP03-2026\data\glomeruli\crops\RECHERCHE-010_0008.png,../../../data/glomeruli/crops/RECHERCHE-010_0008.png
333,1,C:\Users\alexa\Desktop\Glomeruli-FP03-2026\data\glomeruli\crops\RECHERCHE-010_0009.png,../../../data/glomeruli/crops/RECHERCHE-010_0009.png
335,1,C:\Users\alexa\Desktop\Glomeruli-FP03-2026\data\glomeruli\crops\RECHERCHE-010_0011.png,../../../data/glomeruli/crops/RECHERCHE-010_0011.png
336,1,C:\Users\alexa\Desktop\Glomeruli-FP03-2026\data\glomeruli\crops\RECHERCHE-010_0012.png,../../../data/glomeruli/crops/RECHERCHE-010_0012.png
339,1,C:\Users\alexa\Desktop\Glomeruli-FP03-2026\data\glomeruli\crops\RECHERCHE-010_0015.png,../../../data/glomeruli/crops/RECHERCHE-010_0015.png
350,1,C:\Users\alexa\Desktop\Glomeruli-FP03-2026\data\glomeruli\crops\RECHERCHE-010_0026.png,../../../data/glomeruli/crops/RECHERCHE-010_0026.png
352,1,C:\Users\alexa\Desktop\Glomeruli-FP03-2026\data\glomeruli\crops\RECHERCHE-010_0028.png,../../../data/glomeruli/crops/RECHERCHE-010_0028.png
353,1,C:\Users\alexa\Desktop\Glomeruli-FP03-2026\data\glomeruli\crops\RECHERCHE-010_0029.png,../../../data/glomeruli/crops/RECHERCHE-010_0029.png
355,1,C:\Users\alexa\Desktop\Glomeruli-FP03-2026\data\glomeruli\crops\RECHERCHE-010_0031.png,../../../data/glomeruli/crops/RECHERCHE-010_0031.png
356,1,C:\Users\alexa\Desktop\Glomeruli-FP03-2026\data\glomeruli\crops\RECHERCHE-010_0032.png,../../../data/glomeruli/crops/RECHERCHE-010_0032.png
357,1,C:\Users\alexa\Desktop\Glomeruli-FP03-2026\data\glomeruli\crops\RECHERCHE-010_0033.png,../../../data/glomeruli/crops/RECHERCHE-010_0033.png
358,1,C:\Users\alexa\Desktop\Glomeruli-FP03-2026\data\glomeruli\crops\RECHERCHE-010_0034.png,../../../data/glomeruli/crops/RECHERCHE-010_0034.png
359,1,C:\Users\alexa\Desktop\Glomeruli-FP03-2026\data\glomeruli\crops\RECHERCHE-010_0035.png,../../../data/glomeruli/crops/RECHERCHE-010_0035.png
360,1,C:\Users\alexa\Desktop\Glomeruli-FP03-2026\data\glomeruli\crops\RECHERCHE-010_0036.png,../../../data/glomeruli/crops/RECHERCHE-010_0036.png
361,1,C:\Users\alexa\Desktop\Glomeruli-FP03-2026\data\glomeruli\crops\RECHERCHE-010_0037.png,../../../data/glomeruli/crops/RECHERCHE-010_0037.png
362,1,C:\Users\alexa\Desktop\Glomeruli-FP03-2026\data\glomeruli\crops\RECHERCHE-010_0038.png,../../../data/glomeruli/crops/RECHERCHE-010_0038.png
364,1,C:\Users\alexa\Desktop\Glomeruli-FP03-2026\data\glomeruli\crops\RECHERCHE-010_0040.png,../../../data/glomeruli/crops/RECHERCHE-010_0040.png
365,1,C:\Users\alexa\Desktop\Glomeruli-FP03-2026\data\glomeruli\crops\RECHERCHE-010_0041.png,../../../data/glomeruli/crops/RECHERCHE-010_0041.png
368,1,C:\Users\alexa\Desktop\Glomeruli-FP03-2026\data\glomeruli\crops\RECHERCHE-010_0044.png,../../../data/glomeruli/crops/RECHERCHE-010_0044.png
371,1,C:\Users\alexa\Desktop\Glomeruli-FP03-2026\data\glomeruli\crops\RECHERCHE-010_0047.png,../../../data/glomeruli/crops/RECHERCHE-010_0047.png
376,1,C:\Users\alexa\Desktop\Glomeruli-FP03-2026\data\glomeruli\crops\RECHERCHE-010_0052.png,../../../data/glomeruli/crops/RECHERCHE-010_0052.png
380,1,C:\Users\alexa\Desktop\Glomeruli-FP03-2026\data\glomeruli\crops\RECHERCHE-010_0056.png,../../../data/glomeruli/crops/RECHERCHE-010_0056.png
381,1,C:\Users\alexa\Desktop\Glomeruli-FP03-2026\data\glomeruli\crops\RECHERCHE-010_0057.png,../../../data/glomeruli/crops/RECHERCHE-010_0057.png
382,1,C:\Users\alexa\Desktop\Glomeruli-FP03-2026\data\glomeruli\crops\RECHERCHE-010_0058.png,../../../data/glomeruli/crops/RECHERCHE-010_0058.png
383,1,C:\Users\alexa\Desktop\Glomeruli-FP03-2026\data\glomeruli\crops\RECHERCHE-010_0059.png,../../../data/glomeruli/crops/RECHERCHE-010_0059.png
385,1,C:\Users\alexa\Desktop\Glomeruli-FP03-2026\data\glomeruli\crops\RECHERCHE-010_0061.png,../../../data/glomeruli/crops/RECHERCHE-010_0061.png
386,1,C:\Users\alexa\Desktop\Glomeruli-FP03-2026\data\glomeruli\crops\RECHERCHE-010_0062.png,../../../data/glomeruli/crops/RECHERCHE-010_0062.png
387,1,C:\Users\alexa\Desktop\Glomeruli-FP03-2026\data\glomeruli\crops\RECHERCHE-010_0063.png,../../../data/glomeruli/crops/RECHERCHE-010_0063.png
388,1,C:\Users\alexa\Desktop\Glomeruli-FP03-2026\data\glomeruli\crops\RECHERCHE-010_0064.png,../../../data/glomeruli/crops/RECHERCHE-010_0064.png
389,1,C:\Users\alexa\Desktop\Glomeruli-FP03-2026\data\glomeruli\crops\RECHERCHE-010_0065.png,../../../data/glomeruli/crops/RECHERCHE-010_0065.png
391,1,C:\Users\alexa\Desktop\Glomeruli-FP03-2026\data\glomeruli\crops\RECHERCHE-010_0067.png,../../../data/glomeruli/crops/RECHERCHE-010_0067.png
392,1,C:\Users\alexa\Desktop\Glomeruli-FP03-2026\data\glomeruli\crops\RECHERCHE-010_0068.png,../../../data/glomeruli/crops/RECHERCHE-010_0068.png
393,1,C:\Users\alexa\Desktop\Glomeruli-FP03-2026\data\glomeruli\crops\RECHERCHE-010_0069.png,../../../data/glomeruli/crops/RECHERCHE-010_0069.png
394,1,C:\Users\alexa\Desktop\Glomeruli-FP03-2026\data\glomeruli\crops\RECHERCHE-010_0070.png,../../../data/glomeruli/crops/RECHERCHE-010_0070.png
401,1,C:\Users\alexa\Desktop\Glomeruli-FP03-2026\data\glomeruli\crops\RECHERCHE-010_0077.png,../../../data/glomeruli/crops/RECHERCHE-010_0077.png
403,1,C:\Users\alexa\Desktop\Glomeruli-FP03-2026\data\glomeruli\crops\RECHERCHE-010_0079.png,../../../data/glomeruli/crops/RECHERCHE-010_0079.png
406,1,C:\Users\alexa\Desktop\Glomeruli-FP03-2026\data\glomeruli\crops\RECHERCHE-010_0082.png,../../../data/glomeruli/crops/RECHERCHE-010_0082.png
409,1,C:\Users\alexa\Desktop\Glomeruli-FP03-2026\data\glomeruli\crops\RECHERCHE-010_0085.png,../../../data/glomeruli/crops/RECHERCHE-010_0085.png
410,1,C:\Users\alexa\Desktop\Glomeruli-FP03-2026\data\glomeruli\crops\RECHERCHE-010_0086.png,../../../data/glomeruli/crops/RECHERCHE-010_0086.png
412,1,C:\Users\alexa\Desktop\Glomeruli-FP03-2026\data\glomeruli\crops\RECHERCHE-010_0088.png,../../../data/glomeruli/crops/RECHERCHE-010_0088.png
413,1,C:\Users\alexa\Desktop\Glomeruli-FP03-2026\data\glomeruli\crops\RECHERCHE-010_0089.png,../../../data/glomeruli/crops/RECHERCHE-010_0089.png
416,1,C:\Users\alexa\Desktop\Glomeruli-FP03-2026\data\glomeruli\crops\RECHERCHE-010_0092.png,../../../data/glomeruli/crops/RECHERCHE-010_0092.png
425,1,C:\Users\alexa\Desktop\Glomeruli-FP03-2026\data\glomeruli\crops\RECHERCHE-010_0101.png,../../../data/glomeruli/crops/RECHERCHE-010_0101.png
426,1,C:\Users\alexa\Desktop\Glomeruli-FP03-2026\data\glomeruli\crops\RECHERCHE-010_0102.png,../../../data/glomeruli/crops/RECHERCHE-010_0102.png
427,1,C:\Users\alexa\Desktop\Glomeruli-FP03-2026\data\glomeruli\crops\RECHERCHE-010_0103.png,../../../data/glomeruli/crops/RECHERCHE-010_0103.png
428,1,C:\Users\alexa\Desktop\Glomeruli-FP03-2026\data\glomeruli\crops\RECHERCHE-010_0104.png,../../../data/glomeruli/crops/RECHERCHE-010_0104.png
429,1,C:\Users\alexa\Desktop\Glomeruli-FP03-2026\data\glomeruli\crops\RECHERCHE-010_0105.png,../../../data/glomeruli/crops/RECHERCHE-010_0105.png
431,1,C:\Users\alexa\Desktop\Glomeruli-FP03-2026\data\glomeruli\crops\RECHERCHE-010_0107.png,../../../data/glomeruli/crops/RECHERCHE-010_0107.png
432,1,C:\Users\alexa\Desktop\Glomeruli-FP03-2026\data\glomeruli\crops\RECHERCHE-010_0108.png,../../../data/glomeruli/crops/RECHERCHE-010_0108.png
433,1,C:\Users\alexa\Desktop\Glomeruli-FP03-2026\data\glomeruli\crops\RECHERCHE-010_0109.png,../../../data/glomeruli/crops/RECHERCHE-010_0109.png
434,1,C:\Users\alexa\Desktop\Glomeruli-FP03-2026\data\glomeruli\crops\RECHERCHE-010_0110.png,../../../data/glomeruli/crops/RECHERCHE-010_0110.png
435,1,C:\Users\alexa\Desktop\Glomeruli-FP03-2026\data\glomeruli\crops\RECHERCHE-010_0111.png,../../../data/glomeruli/crops/RECHERCHE-010_0111.png
436,1,C:\Users\alexa\Desktop\Glomeruli-FP03-2026\data\glomeruli\crops\RECHERCHE-010_0112.png,../../../data/glomeruli/crops/RECHERCHE-010_0112.png
437,1,C:\Users\alexa\Desktop\Glomeruli-FP03-2026\data\glomeruli\crops\RECHERCHE-010_0113.png,../../../data/glomeruli/crops/RECHERCHE-010_0113.png
438,1,C:\Users\alexa\Desktop\Glomeruli-FP03-2026\data\glomeruli\crops\RECHERCHE-010_0114.png,../../../data/glomeruli/crops/RECHERCHE-010_0114.png
439,1,C:\Users\alexa\Desktop\Glomeruli-FP03-2026\data\glomeruli\crops\RECHERCHE-010_0115.png,../../../data/glomeruli/crops/RECHERCHE-010_0115.png
440,1,C:\Users\alexa\Desktop\Glomeruli-FP03-2026\data\glomeruli\crops\RECHERCHE-010_0116.png,../../../data/glomeruli/crops/RECHERCHE-010_0116.png
441,1,C:\Users\alexa\Desktop\Glomeruli-FP03-2026\data\glomeruli\crops\RECHERCHE-010_0117.png,../../../data/glomeruli/crops/RECHERCHE-010_0117.png
442,1,C:\Users\alexa\Desktop\Glomeruli-FP03-2026\data\glomeruli\crops\RECHERCHE-010_0118.png,../../../data/glomeruli/crops/RECHERCHE-010_0118.png
443,1,C:\Users\alexa\Desktop\Glomeruli-FP03-2026\data\glomeruli\crops\RECHERCHE-010_0119.png,../../../data/glomeruli/crops/RECHERCHE-010_0119.png
444,1,C:\Users\alexa\Desktop\Glomeruli-FP03-2026\data\glomeruli\crops\RECHERCHE-010_0120.png,../../../data/glomeruli/crops/RECHERCHE-010_0120.png
445,1,C:\Users\alexa\Desktop\Glomeruli-FP03-2026\data\glomeruli\crops\RECHERCHE-010_0121.png,../../../data/glomeruli/crops/RECHERCHE-010_0121.png
446,1,C:\Users\alexa\Desktop\Glomeruli-FP03-2026\data\glomeruli\crops\RECHERCHE-010_0122.png,../../../data/glomeruli/crops/RECHERCHE-010_0122.png
447,1,C:\Users\alexa\Desktop\Glomeruli-FP03-2026\data\glomeruli\crops\RECHERCHE-010_0123.png,../../../data/glomeruli/crops/RECHERCHE-010_0123.png
448,1,C:\Users\alexa\Desktop\Glomeruli-FP03-2026\data\glomeruli\crops\RECHERCHE-010_0124.png,../../../data/glomeruli/crops/RECHERCHE-010_0124.png
449,1,C:\Users\alexa\Desktop\Glomeruli-FP03-2026\data\glomeruli\crops\RECHERCHE-010_0125.png,../../../data/glomeruli/crops/RECHERCHE-010_0125.png
450,1,C:\Users\alexa\Desktop\Glomeruli-FP03-2026\data\glomeruli\crops\RECHERCHE-010_0126.png,../../../data/glomeruli/crops/RECHERCHE-010_0126.png
451,1,C:\Users\alexa\Desktop\Glomeruli-FP03-2026\data\glomeruli\crops\RECHERCHE-010_0127.png,../../../data/glomeruli/crops/RECHERCHE-010_0127.png
452,1,C:\Users\alexa\Desktop\Glomeruli-FP03-2026\data\glomeruli\crops\RECHERCHE-010_0128.png,../../../data/glomeruli/crops/RECHERCHE-010_0128.png
453,1,C:\Users\alexa\Desktop\Glomeruli-FP03-2026\data\glomeruli\crops\RECHERCHE-010_0129.png,../../../data/glomeruli/crops/RECHERCHE-010_0129.png
454,1,C:\Users\alexa\Desktop\Glomeruli-FP03-2026\data\glomeruli\crops\RECHERCHE-010_0130.png,../../../data/glomeruli/crops/RECHERCHE-010_0130.png
455,1,C:\Users\alexa\Desktop\Glomeruli-FP03-2026\data\glomeruli\crops\RECHERCHE-010_0131.png,../../../data/glomeruli/crops/RECHERCHE-010_0131.png
456,1,C:\Users\alexa\Desktop\Glomeruli-FP03-2026\data\glomeruli\crops\RECHERCHE-010_0132.png,../../../data/glomeruli/crops/RECHERCHE-010_0132.png
457,1,C:\Users\alexa\Desktop\Glomeruli-FP03-2026\data\glomeruli\crops\RECHERCHE-010_0133.png,../../../data/glomeruli/crops/RECHERCHE-010_0133.png
458,1,C:\Users\alexa\Desktop\Glomeruli-FP03-2026\data\glomeruli\crops\RECHERCHE-010_0134.png,../../../data/glomeruli/crops/RECHERCHE-010_0134.png
459,1,C:\Users\alexa\Desktop\Glomeruli-FP03-2026\data\glomeruli\crops\RECHERCHE-010_0135.png,../../../data/glomeruli/crops/RECHERCHE-010_0135.png
460,1,C:\Users\alexa\Desktop\Glomeruli-FP03-2026\data\glomeruli\crops\RECHERCHE-010_0136.png,../../../data/glomeruli/crops/RECHERCHE-010_0136.png
461,1,C:\Users\alexa\Desktop\Glomeruli-FP03-2026\data\glomeruli\crops\RECHERCHE-011_0000.png,../../../data/glomeruli/crops/RECHERCHE-011_0000.png
462,1,C:\Users\alexa\Desktop\Glomeruli-FP03-2026\data\glomeruli\crops\RECHERCHE-011_0001.png,../../../data/glomeruli/crops/RECHERCHE-011_0001.png
463,1,C:\Users\alexa\Desktop\Glomeruli-FP03-2026\data\glomeruli\crops\RECHERCHE-011_0002.png,../../../data/glomeruli/crops/RECHERCHE-011_0002.png
464,1,C:\Users\alexa\Desktop\Glomeruli-FP03-2026\data\glomeruli\crops\RECHERCHE-011_0003.png,../../../data/glomeruli/crops/RECHERCHE-011_0003.png
465,1,C:\Users\alexa\Desktop\Glomeruli-FP03-2026\data\glomeruli\crops\RECHERCHE-011_0004.png,../../../data/glomeruli/crops/RECHERCHE-011_0004.png
466,1,C:\Users\alexa\Desktop\Glomeruli-FP03-2026\data\glomeruli\crops\RECHERCHE-011_0005.png,../../../data/glomeruli/crops/RECHERCHE-011_0005.png
467,1,C:\Users\alexa\Desktop\Glomeruli-FP03-2026\data\glomeruli\crops\RECHERCHE-011_0006.png,../../../data/glomeruli/crops/RECHERCHE-011_0006.png
468,1,C:\Users\alexa\Desktop\Glomeruli-FP03-2026\data\glomeruli\crops\RECHERCHE-011_0007.png,../../../data/glomeruli/crops/RECHERCHE-011_0007.png
469,1,C:\Users\alexa\Desktop\Glomeruli-FP03-2026\data\glomeruli\crops\RECHERCHE-011_0008.png,../../../data/glomeruli/crops/RECHERCHE-011_0008.png
470,1,C:\Users\alexa\Desktop\Glomeruli-FP03-2026\data\glomeruli\crops\RECHERCHE-011_0009.png,../../../data/glomeruli/crops/RECHERCHE-011_0009.png
471,1,C:\Users\alexa\Desktop\Glomeruli-FP03-2026\data\glomeruli\crops\RECHERCHE-011_0010.png,../../../data/glomeruli/crops/RECHERCHE-011_0010.png
472,1,C:\Users\alexa\Desktop\Glomeruli-FP03-2026\data\glomeruli\crops\RECHERCHE-011_0011.png,../../../data/glomeruli/crops/RECHERCHE-011_0011.png
476,1,C:\Users\alexa\Desktop\Glomeruli-FP03-2026\data\glomeruli\crops\RECHERCHE-011_0015.png,../../../data/glomeruli/crops/RECHERCHE-011_0015.png
477,1,C:\Users\alexa\Desktop\Glomeruli-FP03-2026\data\glomeruli\crops\RECHERCHE-011_0016.png,../../../data/glomeruli/crops/RECHERCHE-011_0016.png
478,1,C:\Users\alexa\Desktop\Glomeruli-FP03-2026\data\glomeruli\crops\RECHERCHE-011_0017.png,../../../data/glomeruli/crops/RECHERCHE-011_0017.png
479,1,C:\Users\alexa\Desktop\Glomeruli-FP03-2026\data\glomeruli\crops\RECHERCHE-011_0018.png,../../../data/glomeruli/crops/RECHERCHE-011_0018.png
485,1,C:\Users\alexa\Desktop\Glomeruli-FP03-2026\data\glomeruli\crops\RECHERCHE-011_0024.png,../../../data/glomeruli/crops/RECHERCHE-011_0024.png
487,1,C:\Users\alexa\Desktop\Glomeruli-FP03-2026\data\glomeruli\crops\RECHERCHE-011_0026.png,../../../data/glomeruli/crops/RECHERCHE-011_0026.png
488,1,C:\Users\alexa\Desktop\Glomeruli-FP03-2026\data\glomeruli\crops\RECHERCHE-011_0027.png,../../../data/glomeruli/crops/RECHERCHE-011_0027.png
489,1,C:\Users\alexa\Desktop\Glomeruli-FP03-2026\data\glomeruli\crops\RECHERCHE-011_0028.png,../../../data/glomeruli/crops/RECHERCHE-011_0028.png
490,1,C:\Users\alexa\Desktop\Glomeruli-FP03-2026\data\glomeruli\crops\RECHERCHE-011_0029.png,../../../data/glomeruli/crops/RECHERCHE-011_0029.png
491,1,C:\Users\alexa\Desktop\Glomeruli-FP03-2026\data\glomeruli\crops\RECHERCHE-011_0030.png,../../../data/glomeruli/crops/RECHERCHE-011_0030.png
492,1,C:\Users\alexa\Desktop\Glomeruli-FP03-2026\data\glomeruli\crops\RECHERCHE-011_0031.png,../../../data/glomeruli/crops/RECHERCHE-011_0031.png
493,1,C:\Users\alexa\Desktop\Glomeruli-FP03-2026\data\glomeruli\crops\RECHERCHE-011_0032.png,../../../data/glomeruli/crops/RECHERCHE-011_0032.png
494,1,C:\Users\alexa\Desktop\Glomeruli-FP03-2026\data\glomeruli\crops\RECHERCHE-011_0033.png,../../../data/glomeruli/crops/RECHERCHE-011_0033.png
495,1,C:\Users\alexa\Desktop\Glomeruli-FP03-2026\data\glomeruli\crops\RECHERCHE-011_0034.png,../../../data/glomeruli/crops/RECHERCHE-011_0034.png
497,1,C:\Users\alexa\Desktop\Glomeruli-FP03-2026\data\glomeruli\crops\RECHERCHE-011_0036.png,../../../data/glomeruli/crops/RECHERCHE-011_0036.png
498,1,C:\Users\alexa\Desktop\Glomeruli-FP03-2026\data\glomeruli\crops\RECHERCHE-011_0037.png,../../../data/glomeruli/crops/RECHERCHE-011_0037.png
499,1,C:\Users\alexa\Desktop\Glomeruli-FP03-2026\data\glomeruli\crops\RECHERCHE-011_0038.png,../../../data/glomeruli/crops/RECHERCHE-011_0038.png
501,1,C:\Users\alexa\Desktop\Glomeruli-FP03-2026\data\glomeruli\crops\RECHERCHE-011_0040.png,../../../data/glomeruli/crops/RECHERCHE-011_0040.png
502,1,C:\Users\alexa\Desktop\Glomeruli-FP03-2026\data\glomeruli\crops\RECHERCHE-011_0041.png,../../../data/glomeruli/crops/RECHERCHE-011_0041.png
503,1,C:\Users\alexa\Desktop\Glomeruli-FP03-2026\data\glomeruli\crops\RECHERCHE-011_0042.png,../../../data/glomeruli/crops/RECHERCHE-011_0042.png
506,1,C:\Users\alexa\Desktop\Glomeruli-FP03-2026\data\glomeruli\crops\RECHERCHE-011_0045.png,../../../data/glomeruli/crops/RECHERCHE-011_0045.png
511,1,C:\Users\alexa\Desktop\Glomeruli-FP03-2026\data\glomeruli\crops\RECHERCHE-011_0050.png,../../../data/glomeruli/crops/RECHERCHE-011_0050.png
513,1,C:\Users\alexa\Desktop\Glomeruli-FP03-2026\data\glomeruli\crops\RECHERCHE-011_0052.png,../../../data/glomeruli/crops/RECHERCHE-011_0052.png
520,1,C:\Users\alexa\Desktop\Glomeruli-FP03-2026\data\glomeruli\crops\RECHERCHE-011_0059.png,../../../data/glomeruli/crops/RECHERCHE-011_0059.png
521,1,C:\Users\alexa\Desktop\Glomeruli-FP03-2026\data\glomeruli\crops\RECHERCHE-011_0060.png,../../../data/glomeruli/crops/RECHERCHE-011_0060.png
523,1,C:\Users\alexa\Desktop\Glomeruli-FP03-2026\data\glomeruli\crops\RECHERCHE-011_0062.png,../../../data/glomeruli/crops/RECHERCHE-011_0062.png
524,1,C:\Users\alexa\Desktop\Glomeruli-FP03-2026\data\glomeruli\crops\RECHERCHE-011_0063.png,../../../data/glomeruli/crops/RECHERCHE-011_0063.png
527,1,C:\Users\alexa\Desktop\Glomeruli-FP03-2026\data\glomeruli\crops\RECHERCHE-011_0066.png,../../../data/glomeruli/crops/RECHERCHE-011_0066.png
528,1,C:\Users\alexa\Desktop\Glomeruli-FP03-2026\data\glomeruli\crops\RECHERCHE-011_0067.png,../../../data/glomeruli/crops/RECHERCHE-011_0067.png
529,1,C:\Users\alexa\Desktop\Glomeruli-FP03-2026\data\glomeruli\crops\RECHERCHE-011_0068.png,../../../data/glomeruli/crops/RECHERCHE-011_0068.png
530,1,C:\Users\alexa\Desktop\Glomeruli-FP03-2026\data\glomeruli\crops\RECHERCHE-011_0069.png,../../../data/glomeruli/crops/RECHERCHE-011_0069.png
531,1,C:\Users\alexa\Desktop\Glomeruli-FP03-2026\data\glomeruli\crops\RECHERCHE-011_0070.png,../../../data/glomeruli/crops/RECHERCHE-011_0070.png
532,1,C:\Users\alexa\Desktop\Glomeruli-FP03-2026\data\glomeruli\crops\RECHERCHE-011_0071.png,../../../data/glomeruli/crops/RECHERCHE-011_0071.png
533,1,C:\Users\alexa\Desktop\Glomeruli-FP03-2026\data\glomeruli\crops\RECHERCHE-011_0072.png,../../../data/glomeruli/crops/RECHERCHE-011_0072.png
534,1,C:\Users\alexa\Desktop\Glomeruli-FP03-2026\data\glomeruli\crops\RECHERCHE-011_0073.png,../../../data/glomeruli/crops/RECHERCHE-011_0073.png
535,1,C:\Users\alexa\Desktop\Glomeruli-FP03-2026\data\glomeruli\crops\RECHERCHE-011_0074.png,../../../data/glomeruli/crops/RECHERCHE-011_0074.png
536,1,C:\Users\alexa\Desktop\Glomeruli-FP03-2026\data\glomeruli\crops\RECHERCHE-011_0075.png,../../../data/glomeruli/crops/RECHERCHE-011_0075.png
537,1,C:\Users\alexa\Desktop\Glomeruli-FP03-2026\data\glomeruli\crops\RECHERCHE-011_0076.png,../../../data/glomeruli/crops/RECHERCHE-011_0076.png
538,1,C:\Users\alexa\Desktop\Glomeruli-FP03-2026\data\glomeruli\crops\RECHERCHE-011_0077.png,../../../data/glomeruli/crops/RECHERCHE-011_0077.png
539,1,C:\Users\alexa\Desktop\Glomeruli-FP03-2026\data\glomeruli\crops\RECHERCHE-011_0078.png,../../../data/glomeruli/crops/RECHERCHE-011_0078.png
541,1,C:\Users\alexa\Desktop\Glomeruli-FP03-2026\data\glomeruli\crops\RECHERCHE-015_0001.png,../../../data/glomeruli/crops/RECHERCHE-015_0001.png
542,1,C:\Users\alexa\Desktop\Glomeruli-FP03-2026\data\glomeruli\crops\RECHERCHE-015_0002.png,../../../data/glomeruli/crops/RECHERCHE-015_0002.png
547,1,C:\Users\alexa\Desktop\Glomeruli-FP03-2026\data\glomeruli\crops\RECHERCHE-015_0007.png,../../../data/glomeruli/crops/RECHERCHE-015_0007.png
548,1,C:\Users\alexa\Desktop\Glomeruli-FP03-2026\data\glomeruli\crops\RECHERCHE-015_0008.png,../../../data/glomeruli/crops/RECHERCHE-015_0008.png
551,1,C:\Users\alexa\Desktop\Glomeruli-FP03-2026\data\glomeruli\crops\RECHERCHE-015_0011.png,../../../data/glomeruli/crops/RECHERCHE-015_0011.png
553,1,C:\Users\alexa\Desktop\Glomeruli-FP03-2026\data\glomeruli\crops\RECHERCHE-015_0013.png,../../../data/glomeruli/crops/RECHERCHE-015_0013.png
555,1,C:\Users\alexa\Desktop\Glomeruli-FP03-2026\data\glomeruli\crops\RECHERCHE-015_0015.png,../../../data/glomeruli/crops/RECHERCHE-015_0015.png
556,1,C:\Users\alexa\Desktop\Glomeruli-FP03-2026\data\glomeruli\crops\RECHERCHE-015_0016.png,../../../data/glomeruli/crops/RECHERCHE-015_0016.png
557,1,C:\Users\alexa\Desktop\Glomeruli-FP03-2026\data\glomeruli\crops\RECHERCHE-015_0017.png,../../../data/glomeruli/crops/RECHERCHE-015_0017.png
558,1,C:\Users\alexa\Desktop\Glomeruli-FP03-2026\data\glomeruli\crops\RECHERCHE-015_0018.png,../../../data/glomeruli/crops/RECHERCHE-015_0018.png
559,1,C:\Users\alexa\Desktop\Glomeruli-FP03-2026\data\glomeruli\crops\RECHERCHE-015_0019.png,../../../data/glomeruli/crops/RECHERCHE-015_0019.png
560,1,C:\Users\alexa\Desktop\Glomeruli-FP03-2026\data\glomeruli\crops\RECHERCHE-015_0020.png,../../../data/glomeruli/crops/RECHERCHE-015_0020.png
561,1,C:\Users\alexa\Desktop\Glomeruli-FP03-2026\data\glomeruli\crops\RECHERCHE-015_0021.png,../../../data/glomeruli/crops/RECHERCHE-015_0021.png
562,1,C:\Users\alexa\Desktop\Glomeruli-FP03-2026\data\glomeruli\crops\RECHERCHE-015_0022.png,../../../data/glomeruli/crops/RECHERCHE-015_0022.png
563,1,C:\Users\alexa\Desktop\Glomeruli-FP03-2026\data\glomeruli\crops\RECHERCHE-015_0023.png,../../../data/glomeruli/crops/RECHERCHE-015_0023.png
564,1,C:\Users\alexa\Desktop\Glomeruli-FP03-2026\data\glomeruli\crops\RECHERCHE-015_0024.png,../../../data/glomeruli/crops/RECHERCHE-015_0024.png
565,1,C:\Users\alexa\Desktop\Glomeruli-FP03-2026\data\glomeruli\crops\RECHERCHE-015_0025.png,../../../data/glomeruli/crops/RECHERCHE-015_0025.png
566,1,C:\Users\alexa\Desktop\Glomeruli-FP03-2026\data\glomeruli\crops\RECHERCHE-015_0026.png,../../../data/glomeruli/crops/RECHERCHE-015_0026.png
568,1,C:\Users\alexa\Desktop\Glomeruli-FP03-2026\data\glomeruli\crops\RECHERCHE-016_0001.png,../../../data/glomeruli/crops/RECHERCHE-016_0001.png
572,1,C:\Users\alexa\Desktop\Glomeruli-FP03-2026\data\glomeruli\crops\RECHERCHE-016_0005.png,../../../data/glomeruli/crops/RECHERCHE-016_0005.png
573,1,C:\Users\alexa\Desktop\Glomeruli-FP03-2026\data\glomeruli\crops\RECHERCHE-016_0006.png,../../../data/glomeruli/crops/RECHERCHE-016_0006.png
577,1,C:\Users\alexa\Desktop\Glomeruli-FP03-2026\data\glomeruli\crops\RECHERCHE-016_0010.png,../../../data/glomeruli/crops/RECHERCHE-016_0010.png
578,1,C:\Users\alexa\Desktop\Glomeruli-FP03-2026\data\glomeruli\crops\RECHERCHE-016_0011.png,../../../data/glomeruli/crops/RECHERCHE-016_0011.png
579,1,C:\Users\alexa\Desktop\Glomeruli-FP03-2026\data\glomeruli\crops\RECHERCHE-016_0012.png,../../../data/glomeruli/crops/RECHERCHE-016_0012.png
581,1,C:\Users\alexa\Desktop\Glomeruli-FP03-2026\data\glomeruli\crops\RECHERCHE-016_0014.png,../../../data/glomeruli/crops/RECHERCHE-016_0014.png
584,1,C:\Users\alexa\Desktop\Glomeruli-FP03-2026\data\glomeruli\crops\RECHERCHE-016_0017.png,../../../data/glomeruli/crops/RECHERCHE-016_0017.png
586,1,C:\Users\alexa\Desktop\Glomeruli-FP03-2026\data\glomeruli\crops\RECHERCHE-016_0019.png,../../../data/glomeruli/crops/RECHERCHE-016_0019.png
590,1,C:\Users\alexa\Desktop\Glomeruli-FP03-2026\data\glomeruli\crops\RECHERCHE-016_0023.png,../../../data/glomeruli/crops/RECHERCHE-016_0023.png
592,1,C:\Users\alexa\Desktop\Glomeruli-FP03-2026\data\glomeruli\crops\RECHERCHE-016_0025.png,../../../data/glomeruli/crops/RECHERCHE-016_0025.png
593,1,C:\Users\alexa\Desktop\Glomeruli-FP03-2026\data\glomeruli\crops\RECHERCHE-016_0026.png,../../../data/glomeruli/crops/RECHERCHE-016_0026.png
597,1,C:\Users\alexa\Desktop\Glomeruli-FP03-2026\data\glomeruli\crops\RECHERCHE-016_0030.png,../../../data/glomeruli/crops/RECHERCHE-016_0030.png
598,1,C:\Users\alexa\Desktop\Glomeruli-FP03-2026\data\glomeruli\crops\RECHERCHE-016_0031.png,../../../data/glomeruli/crops/RECHERCHE-016_0031.png
600,1,C:\Users\alexa\Desktop\Glomeruli-FP03-2026\data\glomeruli\crops\RECHERCHE-016_0033.png,../../../data/glomeruli/crops/RECHERCHE-016_0033.png
605,1,C:\Users\alexa\Desktop\Glomeruli-FP03-2026\data\glomeruli\crops\RECHERCHE-016_0038.png,../../../data/glomeruli/crops/RECHERCHE-016_0038.png
606,1,C:\Users\alexa\Desktop\Glomeruli-FP03-2026\data\glomeruli\crops\RECHERCHE-016_0039.png,../../../data/glomeruli/crops/RECHERCHE-016_0039.png
607,1,C:\Users\alexa\Desktop\Glomeruli-FP03-2026\data\glomeruli\crops\RECHERCHE-016_0040.png,../../../data/glomeruli/crops/RECHERCHE-016_0040.png
608,1,C:\Users\alexa\Desktop\Glomeruli-FP03-2026\data\glomeruli\crops\RECHERCHE-016_0041.png,../../../data/glomeruli/crops/RECHERCHE-016_0041.png
609,1,C:\Users\alexa\Desktop\Glomeruli-FP03-2026\data\glomeruli\crops\RECHERCHE-016_0042.png,../../../data/glomeruli/crops/RECHERCHE-016_0042.png
610,1,C:\Users\alexa\Desktop\Glomeruli-FP03-2026\data\glomeruli\crops\RECHERCHE-016_0043.png,../../../data/glomeruli/crops/RECHERCHE-016_0043.png
613,1,C:\Users\alexa\Desktop\Glomeruli-FP03-2026\data\glomeruli\crops\RECHERCHE-016_0046.png,../../../data/glomeruli/crops/RECHERCHE-016_0046.png
617,1,C:\Users\alexa\Desktop\Glomeruli-FP03-2026\data\glomeruli\crops\RECHERCHE-016_0050.png,../../../data/glomeruli/crops/RECHERCHE-016_0050.png
618,1,C:\Users\alexa\Desktop\Glomeruli-FP03-2026\data\glomeruli\crops\RECHERCHE-016_0051.png,../../../data/glomeruli/crops/RECHERCHE-016_0051.png
621,1,C:\Users\alexa\Desktop\Glomeruli-FP03-2026\data\glomeruli\crops\RECHERCHE-016_0054.png,../../../data/glomeruli/crops/RECHERCHE-016_0054.png
623,1,C:\Users\alexa\Desktop\Glomeruli-FP03-2026\data\glomeruli\crops\RECHERCHE-016_0056.png,../../../data/glomeruli/crops/RECHERCHE-016_0056.png
624,1,C:\Users\alexa\Desktop\Glomeruli-FP03-2026\data\glomeruli\crops\RECHERCHE-016_0057.png,../../../data/glomeruli/crops/RECHERCHE-016_0057.png
625,1,C:\Users\alexa\Desktop\Glomeruli-FP03-2026\data\glomeruli\crops\RECHERCHE-016_0058.png,../../../data/glomeruli/crops/RECHERCHE-016_0058.png
626,1,C:\Users\alexa\Desktop\Glomeruli-FP03-2026\data\glomeruli\crops\RECHERCHE-016_0059.png,../../../data/glomeruli/crops/RECHERCHE-016_0059.png
627,1,C:\Users\alexa\Desktop\Glomeruli-FP03-2026\data\glomeruli\crops\RECHERCHE-016_0060.png,../../../data/glomeruli/crops/RECHERCHE-016_0060.png
628,1,C:\Users\alexa\Desktop\Glomeruli-FP03-2026\data\glomeruli\crops\RECHERCHE-016_0061.png,../../../data/glomeruli/crops/RECHERCHE-016_0061.png
629,1,C:\Users\alexa\Desktop\Glomeruli-FP03-2026\data\glomeruli\crops\RECHERCHE-016_0062.png,../../../data/glomeruli/crops/RECHERCHE-016_0062.png
630,1,C:\Users\alexa\Desktop\Glomeruli-FP03-2026\data\glomeruli\crops\RECHERCHE-016_0063.png,../../../data/glomeruli/crops/RECHERCHE-016_0063.png
634,1,C:\Users\alexa\Desktop\Glomeruli-FP03-2026\data\glomeruli\crops\RECHERCHE-017_0003.png,../../../data/glomeruli/crops/RECHERCHE-017_0003.png
637,1,C:\Users\alexa\Desktop\Glomeruli-FP03-2026\data\glomeruli\crops\RECHERCHE-017_0006.png,../../../data/glomeruli/crops/RECHERCHE-017_0006.png
638,1,C:\Users\alexa\Desktop\Glomeruli-FP03-2026\data\glomeruli\crops\RECHERCHE-017_0007.png,../../../data/glomeruli/crops/RECHERCHE-017_0007.png
640,1,C:\Users\alexa\Desktop\Glomeruli-FP03-2026\data\glomeruli\crops\RECHERCHE-017_0009.png,../../../data/glomeruli/crops/RECHERCHE-017_0009.png
641,1,C:\Users\alexa\Desktop\Glomeruli-FP03-2026\data\glomeruli\crops\RECHERCHE-017_0010.png,../../../data/glomeruli/crops/RECHERCHE-017_0010.png
642,1,C:\Users\alexa\Desktop\Glomeruli-FP03-2026\data\glomeruli\crops\RECHERCHE-017_0011.png,../../../data/glomeruli/crops/RECHERCHE-017_0011.png
643,1,C:\Users\alexa\Desktop\Glomeruli-FP03-2026\data\glomeruli\crops\RECHERCHE-017_0012.png,../../../data/glomeruli/crops/RECHERCHE-017_0012.png
644,1,C:\Users\alexa\Desktop\Glomeruli-FP03-2026\data\glomeruli\crops\RECHERCHE-017_0013.png,../../../data/glomeruli/crops/RECHERCHE-017_0013.png
649,1,C:\Users\alexa\Desktop\Glomeruli-FP03-2026\data\glomeruli\crops\RECHERCHE-017_0018.png,../../../data/glomeruli/crops/RECHERCHE-017_0018.png
652,1,C:\Users\alexa\Desktop\Glomeruli-FP03-2026\data\glomeruli\crops\RECHERCHE-017_0021.png,../../../data/glomeruli/crops/RECHERCHE-017_0021.png
653,1,C:\Users\alexa\Desktop\Glomeruli-FP03-2026\data\glomeruli\crops\RECHERCHE-017_0022.png,../../../data/glomeruli/crops/RECHERCHE-017_0022.png
656,1,C:\Users\alexa\Desktop\Glomeruli-FP03-2026\data\glomeruli\crops\RECHERCHE-017_0025.png,../../../data/glomeruli/crops/RECHERCHE-017_0025.png
658,1,C:\Users\alexa\Desktop\Glomeruli-FP03-2026\data\glomeruli\crops\RECHERCHE-017_0027.png,../../../data/glomeruli/crops/RECHERCHE-017_0027.png
659,1,C:\Users\alexa\Desktop\Glomeruli-FP03-2026\data\glomeruli\crops\RECHERCHE-017_0028.png,../../../data/glomeruli/crops/RECHERCHE-017_0028.png
660,1,C:\Users\alexa\Desktop\Glomeruli-FP03-2026\data\glomeruli\crops\RECHERCHE-017_0029.png,../../../data/glomeruli/crops/RECHERCHE-017_0029.png
661,1,C:\Users\alexa\Desktop\Glomeruli-FP03-2026\data\glomeruli\crops\RECHERCHE-017_0030.png,../../../data/glomeruli/crops/RECHERCHE-017_0030.png
666,1,C:\Users\alexa\Desktop\Glomeruli-FP03-2026\data\glomeruli\crops\RECHERCHE-017_0035.png,../../../data/glomeruli/crops/RECHERCHE-017_0035.png
668,1,C:\Users\alexa\Desktop\Glomeruli-FP03-2026\data\glomeruli\crops\RECHERCHE-017_0037.png,../../../data/glomeruli/crops/RECHERCHE-017_0037.png
670,1,C:\Users\alexa\Desktop\Glomeruli-FP03-2026\data\glomeruli\crops\RECHERCHE-017_0039.png,../../../data/glomeruli/crops/RECHERCHE-017_0039.png
671,1,C:\Users\alexa\Desktop\Glomeruli-FP03-2026\data\glomeruli\crops\RECHERCHE-017_0040.png,../../../data/glomeruli/crops/RECHERCHE-017_0040.png
672,1,C:\Users\alexa\Desktop\Glomeruli-FP03-2026\data\glomeruli\crops\RECHERCHE-017_0041.png,../../../data/glomeruli/crops/RECHERCHE-017_0041.png
674,1,C:\Users\alexa\Desktop\Glomeruli-FP03-2026\data\glomeruli\crops\RECHERCHE-017_0043.png,../../../data/glomeruli/crops/RECHERCHE-017_0043.png
675,1,C:\Users\alexa\Desktop\Glomeruli-FP03-2026\data\glomeruli\crops\RECHERCHE-017_0044.png,../../../data/glomeruli/crops/RECHERCHE-017_0044.png
676,1,C:\Users\alexa\Desktop\Glomeruli-FP03-2026\data\glomeruli\crops\RECHERCHE-017_0045.png,../../../data/glomeruli/crops/RECHERCHE-017_0045.png
540,2,C:\Users\alexa\Desktop\Glomeruli-FP03-2026\data\glomeruli\crops\RECHERCHE-015_0000.png,../../../data/glomeruli/crops/RECHERCHE-015_0000.png
543,2,C:\Users\alexa\Desktop\Glomeruli-FP03-2026\data\glomeruli\crops\RECHERCHE-015_0003.png,../../../data/glomeruli/crops/RECHERCHE-015_0003.png
544,2,C:\Users\alexa\Desktop\Glomeruli-FP03-2026\data\glomeruli\crops\RECHERCHE-015_0004.png,../../../data/glomeruli/crops/RECHERCHE-015_0004.png
545,2,C:\Users\alexa\Desktop\Glomeruli-FP03-2026\data\glomeruli\crops\RECHERCHE-015_0005.png,../../../data/glomeruli/crops/RECHERCHE-015_0005.png
546,2,C:\Users\alexa\Desktop\Glomeruli-FP03-2026\data\glomeruli\crops\RECHERCHE-015_0006.png,../../../data/glomeruli/crops/RECHERCHE-015_0006.png
549,2,C:\Users\alexa\Desktop\Glomeruli-FP03-2026\data\glomeruli\crops\RECHERCHE-015_0009.png,../../../data/glomeruli/crops/RECHERCHE-015_0009.png
550,2,C:\Users\alexa\Desktop\Glomeruli-FP03-2026\data\glomeruli\crops\RECHERCHE-015_0010.png,../../../data/glomeruli/crops/RECHERCHE-015_0010.png
552,2,C:\Users\alexa\Desktop\Glomeruli-FP03-2026\data\glomeruli\crops\RECHERCHE-015_0012.png,../../../data/glomeruli/crops/RECHERCHE-015_0012.png
554,2,C:\Users\alexa\Desktop\Glomeruli-FP03-2026\data\glomeruli\crops\RECHERCHE-015_0014.png,../../../data/glomeruli/crops/RECHERCHE-015_0014.png
567,2,C:\Users\alexa\Desktop\Glomeruli-FP03-2026\data\glomeruli\crops\RECHERCHE-016_0000.png,../../../data/glomeruli/crops/RECHERCHE-016_0000.png
569,2,C:\Users\alexa\Desktop\Glomeruli-FP03-2026\data\glomeruli\crops\RECHERCHE-016_0002.png,../../../data/glomeruli/crops/RECHERCHE-016_0002.png
570,2,C:\Users\alexa\Desktop\Glomeruli-FP03-2026\data\glomeruli\crops\RECHERCHE-016_0003.png,../../../data/glomeruli/crops/RECHERCHE-016_0003.png
571,2,C:\Users\alexa\Desktop\Glomeruli-FP03-2026\data\glomeruli\crops\RECHERCHE-016_0004.png,../../../data/glomeruli/crops/RECHERCHE-016_0004.png
574,2,C:\Users\alexa\Desktop\Glomeruli-FP03-2026\data\glomeruli\crops\RECHERCHE-016_0007.png,../../../data/glomeruli/crops/RECHERCHE-016_0007.png
575,2,C:\Users\alexa\Desktop\Glomeruli-FP03-2026\data\glomeruli\crops\RECHERCHE-016_0008.png,../../../data/glomeruli/crops/RECHERCHE-016_0008.png
576,2,C:\Users\alexa\Desktop\Glomeruli-FP03-2026\data\glomeruli\crops\RECHERCHE-016_0009.png,../../../data/glomeruli/crops/RECHERCHE-016_0009.png
580,2,C:\Users\alexa\Desktop\Glomeruli-FP03-2026\data\glomeruli\crops\RECHERCHE-016_0013.png,../../../data/glomeruli/crops/RECHERCHE-016_0013.png
582,2,C:\Users\alexa\Desktop\Glomeruli-FP03-2026\data\glomeruli\crops\RECHERCHE-016_0015.png,../../../data/glomeruli/crops/RECHERCHE-016_0015.png
583,2,C:\Users\alexa\Desktop\Glomeruli-FP03-2026\data\glomeruli\crops\RECHERCHE-016_0016.png,../../../data/glomeruli/crops/RECHERCHE-016_0016.png
585,2,C:\Users\alexa\Desktop\Glomeruli-FP03-2026\data\glomeruli\crops\RECHERCHE-016_0018.png,../../../data/glomeruli/crops/RECHERCHE-016_0018.png
587,2,C:\Users\alexa\Desktop\Glomeruli-FP03-2026\data\glomeruli\crops\RECHERCHE-016_0020.png,../../../data/glomeruli/crops/RECHERCHE-016_0020.png
588,2,C:\Users\alexa\Desktop\Glomeruli-FP03-2026\data\glomeruli\crops\RECHERCHE-016_0021.png,../../../data/glomeruli/crops/RECHERCHE-016_0021.png
589,2,C:\Users\alexa\Desktop\Glomeruli-FP03-2026\data\glomeruli\crops\RECHERCHE-016_0022.png,../../../data/glomeruli/crops/RECHERCHE-016_0022.png
591,2,C:\Users\alexa\Desktop\Glomeruli-FP03-2026\data\glomeruli\crops\RECHERCHE-016_0024.png,../../../data/glomeruli/crops/RECHERCHE-016_0024.png
594,2,C:\Users\alexa\Desktop\Glomeruli-FP03-2026\data\glomeruli\crops\RECHERCHE-016_0027.png,../../../data/glomeruli/crops/RECHERCHE-016_0027.png
595,2,C:\Users\alexa\Desktop\Glomeruli-FP03-2026\data\glomeruli\crops\RECHERCHE-016_0028.png,../../../data/glomeruli/crops/RECHERCHE-016_0028.png
596,2,C:\Users\alexa\Desktop\Glomeruli-FP03-2026\data\glomeruli\crops\RECHERCHE-016_0029.png,../../../data/glomeruli/crops/RECHERCHE-016_0029.png
599,2,C:\Users\alexa\Desktop\Glomeruli-FP03-2026\data\glomeruli\crops\RECHERCHE-016_0032.png,../../../data/glomeruli/crops/RECHERCHE-016_0032.png
601,2,C:\Users\alexa\Desktop\Glomeruli-FP03-2026\data\glomeruli\crops\RECHERCHE-016_0034.png,../../../data/glomeruli/crops/RECHERCHE-016_0034.png
602,2,C:\Users\alexa\Desktop\Glomeruli-FP03-2026\data\glomeruli\crops\RECHERCHE-016_0035.png,../../../data/glomeruli/crops/RECHERCHE-016_0035.png
603,2,C:\Users\alexa\Desktop\Glomeruli-FP03-2026\data\glomeruli\crops\RECHERCHE-016_0036.png,../../../data/glomeruli/crops/RECHERCHE-016_0036.png
604,2,C:\Users\alexa\Desktop\Glomeruli-FP03-2026\data\glomeruli\crops\RECHERCHE-016_0037.png,../../../data/glomeruli/crops/RECHERCHE-016_0037.png
611,2,C:\Users\alexa\Desktop\Glomeruli-FP03-2026\data\glomeruli\crops\RECHERCHE-016_0044.png,../../../data/glomeruli/crops/RECHERCHE-016_0044.png
612,2,C:\Users\alexa\Desktop\Glomeruli-FP03-2026\data\glomeruli\crops\RECHERCHE-016_0045.png,../../../data/glomeruli/crops/RECHERCHE-016_0045.png
614,2,C:\Users\alexa\Desktop\Glomeruli-FP03-2026\data\glomeruli\crops\RECHERCHE-016_0047.png,../../../data/glomeruli/crops/RECHERCHE-016_0047.png
615,2,C:\Users\alexa\Desktop\Glomeruli-FP03-2026\data\glomeruli\crops\RECHERCHE-016_0048.png,../../../data/glomeruli/crops/RECHERCHE-016_0048.png
616,2,C:\Users\alexa\Desktop\Glomeruli-FP03-2026\data\glomeruli\crops\RECHERCHE-016_0049.png,../../../data/glomeruli/crops/RECHERCHE-016_0049.png
619,2,C:\Users\alexa\Desktop\Glomeruli-FP03-2026\data\glomeruli\crops\RECHERCHE-016_0052.png,../../../data/glomeruli/crops/RECHERCHE-016_0052.png
620,2,C:\Users\alexa\Desktop\Glomeruli-FP03-2026\data\glomeruli\crops\RECHERCHE-016_0053.png,../../../data/glomeruli/crops/RECHERCHE-016_0053.png
622,2,C:\Users\alexa\Desktop\Glomeruli-FP03-2026\data\glomeruli\crops\RECHERCHE-016_0055.png,../../../data/glomeruli/crops/RECHERCHE-016_0055.png
631,2,C:\Users\alexa\Desktop\Glomeruli-FP03-2026\data\glomeruli\crops\RECHERCHE-017_0000.png,../../../data/glomeruli/crops/RECHERCHE-017_0000.png
632,2,C:\Users\alexa\Desktop\Glomeruli-FP03-2026\data\glomeruli\crops\RECHERCHE-017_0001.png,../../../data/glomeruli/crops/RECHERCHE-017_0001.png
633,2,C:\Users\alexa\Desktop\Glomeruli-FP03-2026\data\glomeruli\crops\RECHERCHE-017_0002.png,../../../data/glomeruli/crops/RECHERCHE-017_0002.png
635,2,C:\Users\alexa\Desktop\Glomeruli-FP03-2026\data\glomeruli\crops\RECHERCHE-017_0004.png,../../../data/glomeruli/crops/RECHERCHE-017_0004.png
636,2,C:\Users\alexa\Desktop\Glomeruli-FP03-2026\data\glomeruli\crops\RECHERCHE-017_0005.png,../../../data/glomeruli/crops/RECHERCHE-017_0005.png
639,2,C:\Users\alexa\Desktop\Glomeruli-FP03-2026\data\glomeruli\crops\RECHERCHE-017_0008.png,../../../data/glomeruli/crops/RECHERCHE-017_0008.png
646,2,C:\Users\alexa\Desktop\Glomeruli-FP03-2026\data\glomeruli\crops\RECHERCHE-017_0015.png,../../../data/glomeruli/crops/RECHERCHE-017_0015.png
647,2,C:\Users\alexa\Desktop\Glomeruli-FP03-2026\data\glomeruli\crops\RECHERCHE-017_0016.png,../../../data/glomeruli/crops/RECHERCHE-017_0016.png
648,2,C:\Users\alexa\Desktop\Glomeruli-FP03-2026\data\glomeruli\crops\RECHERCHE-017_0017.png,../../../data/glomeruli/crops/RECHERCHE-017_0017.png
650,2,C:\Users\alexa\Desktop\Glomeruli-FP03-2026\data\glomeruli\crops\RECHERCHE-017_0019.png,../../../data/glomeruli/crops/RECHERCHE-017_0019.png
651,2,C:\Users\alexa\Desktop\Glomeruli-FP03-2026\data\glomeruli\crops\RECHERCHE-017_0020.png,../../../data/glomeruli/crops/RECHERCHE-017_0020.png
654,2,C:\Users\alexa\Desktop\Glomeruli-FP03-2026\data\glomeruli\crops\RECHERCHE-017_0023.png,../../../data/glomeruli/crops/RECHERCHE-017_0023.png
657,2,C:\Users\alexa\Desktop\Glomeruli-FP03-2026\data\glomeruli\crops\RECHERCHE-017_0026.png,../../../data/glomeruli/crops/RECHERCHE-017_0026.png
662,2,C:\Users\alexa\Desktop\Glomeruli-FP03-2026\data\glomeruli\crops\RECHERCHE-017_0031.png,../../../data/glomeruli/crops/RECHERCHE-017_0031.png
663,2,C:\Users\alexa\Desktop\Glomeruli-FP03-2026\data\glomeruli\crops\RECHERCHE-017_0032.png,../../../data/glomeruli/crops/RECHERCHE-017_0032.png
664,2,C:\Users\alexa\Desktop\Glomeruli-FP03-2026\data\glomeruli\crops\RECHERCHE-017_0033.png,../../../data/glomeruli/crops/RECHERCHE-017_0033.png
665,2,C:\Users\alexa\Desktop\Glomeruli-FP03-2026\data\glomeruli\crops\RECHERCHE-017_0034.png,../../../data/glomeruli/crops/RECHERCHE-017_0034.png
667,2,C:\Users\alexa\Desktop\Glomeruli-FP03-2026\data\glomeruli\crops\RECHERCHE-017_0036.png,../../../data/glomeruli/crops/RECHERCHE-017_0036.png
673,2,C:\Users\alexa\Desktop\Glomeruli-FP03-2026\data\glomeruli\crops\RECHERCHE-017_0042.png,../../../data/glomeruli/crops/RECHERCHE-017_0042.png
4,-1,C:\Users\alexa\Desktop\Glomeruli-FP03-2026\data\glomeruli\crops\RECHERCHE-003_0004.png,../../../data/glomeruli/crops/RECHERCHE-003_0004.png
13,-1,C:\Users\alexa\Desktop\Glomeruli-FP03-2026\data\glomeruli\crops\RECHERCHE-003_0013.png,../../../data/glomeruli/crops/RECHERCHE-003_0013.png
20,-1,C:\Users\alexa\Desktop\Glomeruli-FP03-2026\data\glomeruli\crops\RECHERCHE-003_0020.png,../../../data/glomeruli/crops/RECHERCHE-003_0020.png
32,-1,C:\Users\alexa\Desktop\Glomeruli-FP03-2026\data\glomeruli\crops\RECHERCHE-003_0032.png,../../../data/glomeruli/crops/RECHERCHE-003_0032.png
41,-1,C:\Users\alexa\Desktop\Glomeruli-FP03-2026\data\glomeruli\crops\RECHERCHE-003_0041.png,../../../data/glomeruli/crops/RECHERCHE-003_0041.png
50,-1,C:\Users\alexa\Desktop\Glomeruli-FP03-2026\data\glomeruli\crops\RECHERCHE-003_0050.png,../../../data/glomeruli/crops/RECHERCHE-003_0050.png
61,-1,C:\Users\alexa\Desktop\Glomeruli-FP03-2026\data\glomeruli\crops\RECHERCHE-004_0000.png,../../../data/glomeruli/crops/RECHERCHE-004_0000.png
64,-1,C:\Users\alexa\Desktop\Glomeruli-FP03-2026\data\glomeruli\crops\RECHERCHE-004_0003.png,../../../data/glomeruli/crops/RECHERCHE-004_0003.png
78,-1,C:\Users\alexa\Desktop\Glomeruli-FP03-2026\data\glomeruli\crops\RECHERCHE-004_0017.png,../../../data/glomeruli/crops/RECHERCHE-004_0017.png
79,-1,C:\Users\alexa\Desktop\Glomeruli-FP03-2026\data\glomeruli\crops\RECHERCHE-004_0018.png,../../../data/glomeruli/crops/RECHERCHE-004_0018.png
83,-1,C:\Users\alexa\Desktop\Glomeruli-FP03-2026\data\glomeruli\crops\RECHERCHE-004_0022.png,../../../data/glomeruli/crops/RECHERCHE-004_0022.png
90,-1,C:\Users\alexa\Desktop\Glomeruli-FP03-2026\data\glomeruli\crops\RECHERCHE-004_0029.png,../../../data/glomeruli/crops/RECHERCHE-004_0029.png
98,-1,C:\Users\alexa\Desktop\Glomeruli-FP03-2026\data\glomeruli\crops\RECHERCHE-004_0037.png,../../../data/glomeruli/crops/RECHERCHE-004_0037.png
104,-1,C:\Users\alexa\Desktop\Glomeruli-FP03-2026\data\glomeruli\crops\RECHERCHE-004_0043.png,../../../data/glomeruli/crops/RECHERCHE-004_0043.png
105,-1,C:\Users\alexa\Desktop\Glomeruli-FP03-2026\data\glomeruli\crops\RECHERCHE-004_0044.png,../../../data/glomeruli/crops/RECHERCHE-004_0044.png
112,-1,C:\Users\alexa\Desktop\Glomeruli-FP03-2026\data\glomeruli\crops\RECHERCHE-004_0051.png,../../../data/glomeruli/crops/RECHERCHE-004_0051.png
115,-1,C:\Users\alexa\Desktop\Glomeruli-FP03-2026\data\glomeruli\crops\RECHERCHE-004_0054.png,../../../data/glomeruli/crops/RECHERCHE-004_0054.png
122,-1,C:\Users\alexa\Desktop\Glomeruli-FP03-2026\data\glomeruli\crops\RECHERCHE-004_0061.png,../../../data/glomeruli/crops/RECHERCHE-004_0061.png
152,-1,C:\Users\alexa\Desktop\Glomeruli-FP03-2026\data\glomeruli\crops\RECHERCHE-005_0010.png,../../../data/glomeruli/crops/RECHERCHE-005_0010.png
236,-1,C:\Users\alexa\Desktop\Glomeruli-FP03-2026\data\glomeruli\crops\RECHERCHE-009_0015.png,../../../data/glomeruli/crops/RECHERCHE-009_0015.png
241,-1,C:\Users\alexa\Desktop\Glomeruli-FP03-2026\data\glomeruli\crops\RECHERCHE-009_0020.png,../../../data/glomeruli/crops/RECHERCHE-009_0020.png
279,-1,C:\Users\alexa\Desktop\Glomeruli-FP03-2026\data\glomeruli\crops\RECHERCHE-009_0058.png,../../../data/glomeruli/crops/RECHERCHE-009_0058.png
286,-1,C:\Users\alexa\Desktop\Glomeruli-FP03-2026\data\glomeruli\crops\RECHERCHE-009_0065.png,../../../data/glomeruli/crops/RECHERCHE-009_0065.png
324,-1,C:\Users\alexa\Desktop\Glomeruli-FP03-2026\data\glomeruli\crops\RECHERCHE-010_0000.png,../../../data/glomeruli/crops/RECHERCHE-010_0000.png
338,-1,C:\Users\alexa\Desktop\Glomeruli-FP03-2026\data\glomeruli\crops\RECHERCHE-010_0014.png,../../../data/glomeruli/crops/RECHERCHE-010_0014.png
341,-1,C:\Users\alexa\Desktop\Glomeruli-FP03-2026\data\glomeruli\crops\RECHERCHE-010_0017.png,../../../data/glomeruli/crops/RECHERCHE-010_0017.png
343,-1,C:\Users\alexa\Desktop\Glomeruli-FP03-2026\data\glomeruli\crops\RECHERCHE-010_0019.png,../../../data/glomeruli/crops/RECHERCHE-010_0019.png
347,-1,C:\Users\alexa\Desktop\Glomeruli-FP03-2026\data\glomeruli\crops\RECHERCHE-010_0023.png,../../../data/glomeruli/crops/RECHERCHE-010_0023.png
348,-1,C:\Users\alexa\Desktop\Glomeruli-FP03-2026\data\glomeruli\crops\RECHERCHE-010_0024.png,../../../data/glomeruli/crops/RECHERCHE-010_0024.png
363,-1,C:\Users\alexa\Desktop\Glomeruli-FP03-2026\data\glomeruli\crops\RECHERCHE-010_0039.png,../../../data/glomeruli/crops/RECHERCHE-010_0039.png
384,-1,C:\Users\alexa\Desktop\Glomeruli-FP03-2026\data\glomeruli\crops\RECHERCHE-010_0060.png,../../../data/glomeruli/crops/RECHERCHE-010_0060.png
424,-1,C:\Users\alexa\Desktop\Glomeruli-FP03-2026\data\glomeruli\crops\RECHERCHE-010_0100.png,../../../data/glomeruli/crops/RECHERCHE-010_0100.png
645,-1,C:\Users\alexa\Desktop\Glomeruli-FP03-2026\data\glomeruli\crops\RECHERCHE-017_0014.png,../../../data/glomeruli/crops/RECHERCHE-017_0014.png
655,-1,C:\Users\alexa\Desktop\Glomeruli-FP03-2026\data\glomeruli\crops\RECHERCHE-017_0024.png,../../../data/glomeruli/crops/RECHERCHE-017_0024.png
669,-1,C:\Users\alexa\Desktop\Glomeruli-FP03-2026\data\glomeruli\crops\RECHERCHE-017_0038.png,../../../data/glomeruli/crops/RECHERCHE-017_0038.png
